-- phpMyAdmin SQL Dump
-- version 4.8.5
-- https://www.phpmyadmin.net/
--
-- Host: localhost
-- Generation Time: May 13, 2019 at 02:00 PM
-- Server version: 10.1.38-MariaDB
-- PHP Version: 7.3.2

SET SQL_MODE = "NO_AUTO_VALUE_ON_ZERO";
SET AUTOCOMMIT = 0;
START TRANSACTION;
SET time_zone = "+00:00";


/*!40101 SET @OLD_CHARACTER_SET_CLIENT=@@CHARACTER_SET_CLIENT */;
/*!40101 SET @OLD_CHARACTER_SET_RESULTS=@@CHARACTER_SET_RESULTS */;
/*!40101 SET @OLD_COLLATION_CONNECTION=@@COLLATION_CONNECTION */;
/*!40101 SET NAMES utf8mb4 */;

--
-- Database: `QLDN`
--

-- --------------------------------------------------------

--
-- Table structure for table `customer`
--

CREATE TABLE `customer` (
  `id` int(10) UNSIGNED NOT NULL,
  `name` char(40) CHARACTER SET utf8 DEFAULT NULL,
  `birth` date DEFAULT NULL,
  `sex` tinyint(1) UNSIGNED DEFAULT '1' COMMENT '1-Nam\n2-Nữ',
  `CMND` varchar(12) NOT NULL DEFAULT '164653356',
  `SDT` varchar(12) NOT NULL DEFAULT '0123456789',
  `Email` varchar(45) NOT NULL DEFAULT 'customer@ducmail.com',
  `created_at` timestamp NULL DEFAULT NULL,
  `updated_at` timestamp NULL DEFAULT NULL
) ENGINE=InnoDB DEFAULT CHARSET=latin1;

--
-- Dumping data for table `customer`
--

INSERT INTO `customer` (`id`, `name`, `birth`, `sex`, `CMND`, `SDT`, `Email`, `created_at`, `updated_at`) VALUES
(1, 'Tùng', '2018-12-12', 2, '123456789', '0123456789', 'tung@gmail.com', '2018-12-12 08:32:18', '2018-12-16 11:54:12'),
(2, 'Văn Lâm', '2018-12-31', 2, '12345678', '01234564', 'lam@gmail.com', '2018-12-30 10:21:51', '2018-12-30 10:21:51'),
(3, 'Văn Lâm', '2018-12-31', 2, '12345678', '01234564', 'lam@gmail.com', '2018-12-30 10:22:30', '2018-12-30 10:22:30');

-- --------------------------------------------------------

--
-- Table structure for table `deal`
--

CREATE TABLE `deal` (
  `id` int(11) UNSIGNED NOT NULL,
  `staff_id` int(11) NOT NULL,
  `customer_id` int(11) NOT NULL,
  `deposit` int(10) UNSIGNED DEFAULT '0',
  `discount` int(11) DEFAULT '0',
  `description` varchar(100) CHARACTER SET utf8 DEFAULT NULL,
  `created_at` timestamp NULL DEFAULT NULL,
  `updated_at` timestamp NULL DEFAULT NULL,
  `deleted_at` timestamp NULL DEFAULT NULL
) ENGINE=InnoDB DEFAULT CHARSET=latin1;

--
-- Dumping data for table `deal`
--

INSERT INTO `deal` (`id`, `staff_id`, `customer_id`, `deposit`, `discount`, `description`, `created_at`, `updated_at`, `deleted_at`) VALUES
(1, 1, 1, 220000, 0, 'demo lần đầu', '2018-12-30 02:43:45', '2018-12-30 10:18:12', NULL),
(2, 2, 2, 20000, 0, 'Nhập hàng', '2018-12-30 10:23:14', '2018-12-30 10:23:49', NULL),
(3, 2, 2, 0, 20, 'mua hàng giảm giá', '2018-12-30 19:47:20', '2018-12-30 20:59:08', '2018-12-30 20:59:08'),
(4, 15, 1, 21250000, 15, 'hóa đơn mua bán cuối năm', '2018-12-31 01:03:21', '2018-12-31 01:04:43', NULL);

-- --------------------------------------------------------

--
-- Table structure for table `deal_detail`
--

CREATE TABLE `deal_detail` (
  `id` int(11) UNSIGNED NOT NULL,
  `deal_id` int(11) NOT NULL,
  `item_id` int(11) NOT NULL,
  `quantity` int(11) NOT NULL COMMENT 'số lượng',
  `created_at` timestamp NULL DEFAULT NULL,
  `updated_at` timestamp NULL DEFAULT NULL COMMENT '1- nhập\n2- xuất\n'
) ENGINE=InnoDB DEFAULT CHARSET=latin1;

--
-- Dumping data for table `deal_detail`
--

INSERT INTO `deal_detail` (`id`, `deal_id`, `item_id`, `quantity`, `created_at`, `updated_at`) VALUES
(1, 1, 998, 1, '2018-12-30 09:44:48', '2018-12-30 09:44:48'),
(2, 1, 998, 1, '2018-12-30 09:45:21', '2018-12-30 09:45:21'),
(3, 1, 465, 2, '2018-12-30 10:18:11', '2018-12-30 10:18:11'),
(4, 2, 468, 1, '2018-12-30 10:23:49', '2018-12-30 10:23:49'),
(5, 4, 1251, 1, '2018-12-31 01:04:42', '2018-12-31 01:04:42');

-- --------------------------------------------------------

--
-- Table structure for table `department`
--

CREATE TABLE `department` (
  `id` int(10) UNSIGNED NOT NULL,
  `name` varchar(45) CHARACTER SET utf8 NOT NULL,
  `description` varchar(45) CHARACTER SET utf8 DEFAULT NULL,
  `type` tinyint(1) NOT NULL COMMENT '1-Phòng kinh doanh\n2-Phòng sản phẩm',
  `created_at` timestamp NULL DEFAULT NULL,
  `updated_at` timestamp NULL DEFAULT NULL
) ENGINE=InnoDB DEFAULT CHARSET=latin1;

--
-- Dumping data for table `department`
--

INSERT INTO `department` (`id`, `name`, `description`, `type`, `created_at`, `updated_at`) VALUES
(1, 'test', 'demo thoi ma', 2, NULL, NULL),
(2, 'Phòng giám đốc', 'Đây là phòng giám đốc hihi', 1, '2018-12-17 11:48:55', '2018-12-17 11:51:32');

-- --------------------------------------------------------

--
-- Table structure for table `file`
--

CREATE TABLE `file` (
  `id` int(11) UNSIGNED NOT NULL,
  `url` text,
  `file_name` varchar(255) CHARACTER SET utf8 COLLATE utf8_unicode_ci DEFAULT NULL,
  `description` text,
  `type` tinyint(3) UNSIGNED NOT NULL DEFAULT '0' COMMENT '1: video, 2:audio 3:image',
  `created_by` int(11) UNSIGNED NOT NULL DEFAULT '0',
  `updated_by` int(11) UNSIGNED NOT NULL DEFAULT '0',
  `updated_at` timestamp NULL DEFAULT NULL,
  `created_at` timestamp NULL DEFAULT CURRENT_TIMESTAMP,
  `deleted_at` timestamp NULL DEFAULT NULL,
  `staff_id` int(11) UNSIGNED NOT NULL DEFAULT '0'
) ENGINE=InnoDB DEFAULT CHARSET=utf8;

--
-- Dumping data for table `file`
--

INSERT INTO `file` (`id`, `url`, `file_name`, `description`, `type`, `created_by`, `updated_by`, `updated_at`, `created_at`, `deleted_at`, `staff_id`) VALUES
(4, 'storage/photos/Screenshot from 2018-11-02 23-33-31.png', 'Screenshot from 2018-11-02 23-33-31.png', 'Demo', 1, 0, 0, '2018-11-13 22:03:34', '2018-11-13 22:03:34', NULL, 0),
(5, 'storage/photos/[TontonHouse]-랫서판다의날_wall.jpg', '[TontonHouse]-랫서판다의날_wall.jpg', 'Demo', 1, 0, 0, '2018-11-13 22:48:08', '2018-11-13 22:48:08', NULL, 0),
(6, 'storage/photos/[TontonHouse]-랫서판다의날_wall.jpg', '[TontonHouse]-랫서판다의날_wall.jpg', 'Demo', 1, 0, 0, '2018-11-14 01:15:11', '2018-11-14 01:15:11', NULL, 0),
(19, 'storage/photos/bkav-bphone-2-thumb-300x300.jpg', 'bkav-bphone-2-thumb-300x300.jpg', 'Upload anh', 3, 0, 0, '2018-12-16 03:12:34', '2018-12-16 03:12:34', NULL, 0),
(23, 'storage/photos/Screenshot from 2018-12-17 00-23-05.png', 'Screenshot from 2018-12-17 00-23-05.png', 'Upload anh', 3, 0, 0, '2018-12-16 12:20:09', '2018-12-16 12:20:09', NULL, 0),
(24, 'storage/photos/Screenshot from 2018-12-17 00-23-05.png', 'Screenshot from 2018-12-17 00-23-05.png', 'Upload anh', 3, 0, 0, '2018-12-16 12:36:20', '2018-12-16 12:36:20', NULL, 0),
(25, 'storage/photos/iphone5_white.jpg', 'iphone5_white.jpg', 'Upload anh', 3, 0, 0, '2018-12-16 12:39:29', '2018-12-16 12:39:29', NULL, 0),
(26, 'storage/photos/bkav-bphone-2-thumb-300x300.jpg', 'bkav-bphone-2-thumb-300x300.jpg', 'Upload anh', 3, 0, 0, '2018-12-17 09:57:29', '2018-12-17 09:57:29', NULL, 0),
(27, 'storage/photos/iphone5_white.jpg', 'iphone5_white.jpg', 'Upload anh', 3, 0, 0, '2018-12-17 09:57:57', '2018-12-17 09:57:57', NULL, 0),
(28, 'storage/photos/xăng-thơm.png', 'xăng-thơm.png', 'Upload anh', 3, 0, 0, '2018-12-18 10:30:09', '2018-12-18 10:30:09', NULL, 0),
(29, 'storage/photos/xăng-th.png', 'xăng-th.png', 'Upload anh', 3, 0, 0, '2018-12-18 10:38:43', '2018-12-18 10:38:43', NULL, 0),
(30, 'storage/photos/vỉ-chân-ic.png', 'vỉ-chân-ic.png', 'Upload anh', 3, 0, 0, '2018-12-18 10:39:17', '2018-12-18 10:39:17', NULL, 0),
(31, 'storage/photos/Panh.png', 'Panh.png', 'Upload anh', 3, 0, 0, '2018-12-18 10:39:53', '2018-12-18 10:39:53', NULL, 0),
(32, 'storage/photos/nướcchì.png', 'nướcchì.png', 'Upload anh', 3, 0, 0, '2018-12-18 10:40:23', '2018-12-18 10:40:23', NULL, 0),
(33, 'storage/photos/nhựa-thông.png', 'nhựa-thông.png', 'Upload anh', 3, 0, 0, '2018-12-18 10:40:58', '2018-12-18 10:40:58', NULL, 0),
(34, 'storage/photos/nhíp.png', 'nhíp.png', 'Upload anh', 3, 0, 0, '2018-12-18 10:41:23', '2018-12-18 10:41:23', NULL, 0),
(35, 'storage/photos/mohan.png', 'mohan.png', 'Upload anh', 3, 0, 0, '2018-12-18 10:45:56', '2018-12-18 10:45:56', NULL, 0),
(36, 'storage/photos/maykhonhiet.jpg', 'maykhonhiet.jpg', 'Upload anh', 3, 0, 0, '2018-12-18 10:46:43', '2018-12-18 10:46:43', NULL, 0),
(37, 'storage/photos/giadovimay.jpg', 'giadovimay.jpg', 'Upload anh', 3, 0, 0, '2018-12-18 10:47:52', '2018-12-18 10:47:52', NULL, 0),
(38, 'storage/photos/Đồnghồđo.jpg', 'Đồnghồđo.jpg', 'Upload anh', 3, 0, 0, '2018-12-18 10:48:27', '2018-12-18 10:48:27', NULL, 0),
(39, 'storage/photos/đèn-lúp.png', 'đèn-lúp.png', 'Upload anh', 3, 0, 0, '2018-12-18 10:48:53', '2018-12-18 10:48:53', NULL, 0),
(40, 'storage/photos/đầu-đọc-thẻ.png', 'đầu-đọc-thẻ.png', 'Upload anh', 3, 0, 0, '2018-12-18 10:49:46', '2018-12-18 10:49:46', NULL, 0),
(41, 'storage/photos/dao.png', 'dao.png', 'Upload anh', 3, 0, 0, '2018-12-18 10:50:07', '2018-12-18 10:50:07', NULL, 0),
(42, 'storage/photos/tung.jpeg', 'tung.jpeg', 'Upload anh', 3, 0, 0, '2018-12-19 11:35:44', '2018-12-19 11:35:44', NULL, 0),
(43, 'storage/photos/tung.jpeg', 'tung.jpeg', 'Upload anh', 3, 0, 0, '2018-12-19 11:38:30', '2018-12-19 11:38:30', NULL, 0),
(44, 'storage/photos/avt.png', 'avt.png', 'Upload anh', 3, 0, 0, '2018-12-20 01:40:50', '2018-12-20 01:40:50', NULL, 0),
(45, 'storage/photos/duc.jpg', 'duc.jpg', 'Upload anh', 3, 0, 0, '2018-12-20 04:33:01', '2018-12-20 04:33:01', NULL, 0),
(46, 'storage/photos/ha.jpg', 'ha.jpg', 'Upload anh', 3, 0, 0, '2018-12-20 04:35:31', '2018-12-20 04:35:31', NULL, 0),
(47, 'storage/photos/avt.png', 'avt.png', 'Upload anh', 3, 0, 0, '2018-12-24 08:39:46', '2018-12-24 08:39:46', NULL, 0),
(48, 'storage/photos/zeyPq1x.png', 'zeyPq1x.png', 'Upload anh', 3, 0, 0, '2018-12-25 09:09:14', '2018-12-25 09:09:14', NULL, 0),
(49, 'storage/photos/82437.jpg', '82437.jpg', 'Upload anh', 3, 0, 0, '2018-12-25 09:59:43', '2018-12-25 09:59:43', NULL, 0),
(50, 'storage/photos/nam.jpg', 'nam.jpg', 'Upload anh', 3, 0, 0, '2018-12-25 10:19:23', '2018-12-25 10:19:23', NULL, 0),
(51, 'storage/photos/Grace-Chung_avatar_1463029662-400x400.jpg', 'Grace-Chung_avatar_1463029662-400x400.jpg', 'Upload anh', 3, 0, 0, '2018-12-25 10:37:02', '2018-12-25 10:37:02', NULL, 0),
(52, 'storage/photos/avttk2-400x400.jpg', 'avttk2-400x400.jpg', 'Upload anh', 3, 0, 0, '2018-12-25 10:38:38', '2018-12-25 10:38:38', NULL, 0),
(53, 'storage/photos/hack.jpg', 'hack.jpg', 'Upload anh', 3, 0, 0, '2018-12-26 02:27:15', '2018-12-26 02:27:15', NULL, 0),
(54, 'storage/photos/hack.jpg', 'hack.jpg', 'Upload anh', 3, 0, 0, '2018-12-26 02:31:40', '2018-12-26 02:31:40', NULL, 0),
(55, 'storage/photos/hack.jpg', 'hack.jpg', 'Upload anh', 3, 0, 0, '2018-12-26 02:31:56', '2018-12-26 02:31:56', NULL, 0),
(56, 'storage/photos/bua-bon-tang-sang-tao-1.jpeg', 'bua-bon-tang-sang-tao-1.jpeg', 'Upload anh', 3, 0, 0, '2018-12-28 06:26:51', '2018-12-28 06:26:51', NULL, 0),
(73, 'storage/photos/Modern-Clear-Console-Table.jpg', 'Modern-Clear-Console-Table.jpg', 'Upload anh', 3, 0, 0, '2018-12-28 09:53:40', '2018-12-28 09:53:40', NULL, 0),
(74, 'storage/photos/Modern-Clear-Console-Table.jpg', 'Modern-Clear-Console-Table.jpg', 'Upload anh', 3, 0, 0, '2018-12-28 09:54:53', '2018-12-28 09:54:53', NULL, 0),
(75, 'storage/photos/Modern-Clear-Console-Table.jpg', 'Modern-Clear-Console-Table.jpg', 'Upload anh', 3, 0, 0, '2018-12-28 09:55:39', '2018-12-28 09:55:39', NULL, 0),
(76, 'storage/photos/Modern-Clear-Console-Table.jpg', 'Modern-Clear-Console-Table.jpg', 'Upload anh', 3, 0, 0, '2018-12-28 09:55:57', '2018-12-28 09:55:57', NULL, 0),
(77, 'storage/photos/Modern-Clear-Console-Table.jpg', 'Modern-Clear-Console-Table.jpg', 'Upload anh', 3, 0, 0, '2018-12-28 09:58:39', '2018-12-28 09:58:39', NULL, 0),
(78, 'storage/photos/Modern-Clear-Console-Table.jpg', 'Modern-Clear-Console-Table.jpg', 'Upload anh', 3, 0, 0, '2018-12-28 10:00:09', '2018-12-28 10:00:09', NULL, 0),
(79, 'storage/photos/keo.png', 'keo.png', 'Upload anh', 3, 0, 0, '2018-12-28 10:09:14', '2018-12-28 10:09:14', NULL, 0),
(80, 'storage/photos/keo.png', 'keo.png', 'Upload anh', 3, 0, 0, '2018-12-28 10:09:48', '2018-12-28 10:09:48', NULL, 0),
(81, 'storage/photos/keo.png', 'keo.png', 'Upload anh', 3, 0, 0, '2018-12-28 10:12:58', '2018-12-28 10:12:58', NULL, 0),
(82, 'storage/photos/img_5463.jpg', 'img_5463.jpg', 'Upload anh', 3, 0, 0, '2018-12-28 10:14:05', '2018-12-28 10:14:05', NULL, 0),
(83, 'storage/photos/bua-bon-tang-sang-tao-1.jpeg', 'bua-bon-tang-sang-tao-1.jpeg', 'Upload anh', 3, 0, 0, '2018-12-28 10:14:36', '2018-12-28 10:14:36', NULL, 0),
(84, 'storage/photos/ipxs.jpg', 'ipxs.jpg', 'Upload anh', 3, 0, 0, '2018-12-30 21:16:35', '2018-12-30 21:16:35', NULL, 0),
(85, 'storage/photos/iphonexden.jpg', 'iphonexden.jpg', 'Upload anh', 3, 0, 0, '2018-12-30 21:22:03', '2018-12-30 21:22:03', NULL, 0),
(86, 'storage/photos/images.jpeg', 'images.jpeg', 'Upload anh', 3, 0, 0, '2018-12-31 00:49:08', '2018-12-31 00:49:08', NULL, 0),
(87, 'storage/photos/bua-bon-tang-sang-tao-1.jpeg', 'bua-bon-tang-sang-tao-1.jpeg', 'Upload anh', 3, 0, 0, '2018-12-31 00:59:58', '2018-12-31 00:59:58', NULL, 0),
(88, 'storage/photos/keo.png', 'keo.png', 'Upload anh', 3, 0, 0, '2018-12-31 01:01:36', '2018-12-31 01:01:36', NULL, 0),
(89, 'storage/photos/keo.png', 'keo.png', 'Upload anh', 3, 0, 0, '2019-01-03 02:03:48', '2019-01-03 02:03:48', NULL, 0),
(90, 'storage/photos/bua-bon-tang-sang-tao-1.jpeg', 'bua-bon-tang-sang-tao-1.jpeg', 'Upload anh', 3, 0, 0, '2019-01-03 09:49:25', '2019-01-03 09:49:25', NULL, 0),
(91, 'storage/photos/keo.png', 'keo.png', 'Upload anh', 3, 0, 0, '2019-01-03 09:51:37', '2019-01-03 09:51:37', NULL, 0),
(92, 'storage/photos/keo.png', 'keo.png', 'Upload anh', 3, 0, 0, '2019-01-03 09:55:20', '2019-01-03 09:55:20', NULL, 0),
(93, 'storage/photos/bua-bon-tang-sang-tao-1.jpeg', 'bua-bon-tang-sang-tao-1.jpeg', 'Upload anh', 3, 0, 0, '2019-01-03 10:01:12', '2019-01-03 10:01:12', NULL, 0),
(94, 'storage/photos/keo.png', 'keo.png', 'Upload anh', 3, 0, 0, '2019-01-03 10:19:14', '2019-01-03 10:19:14', NULL, 0);

-- --------------------------------------------------------

--
-- Table structure for table `item`
--

CREATE TABLE `item` (
  `id` int(11) UNSIGNED NOT NULL,
  `name` varchar(50) CHARACTER SET utf8 NOT NULL,
  `unit` int(10) UNSIGNED NOT NULL COMMENT '1-Chiếc\n2-kg',
  `quantity` int(11) NOT NULL COMMENT 'số lượng',
  `quality` int(10) UNSIGNED DEFAULT '1' COMMENT '1 là tốt nhất đến xấu nhất là 10',
  `price` int(10) UNSIGNED NOT NULL,
  `type` int(11) NOT NULL DEFAULT '1' COMMENT '1-Dụng cụ\n2-Nguyên liệu\n3-Sản phẩm',
  `created_at` timestamp NULL DEFAULT NULL,
  `updated_at` timestamp NULL DEFAULT NULL
) ENGINE=InnoDB DEFAULT CHARSET=latin1;

--
-- Dumping data for table `item`
--

INSERT INTO `item` (`id`, `name`, `unit`, `quantity`, `quality`, `price`, `type`, `created_at`, `updated_at`) VALUES
(21, 'demo', 1, 1, 10, 100000, 3, '2018-12-16 12:20:09', '2018-12-16 12:20:09'),
(23, 'Iphone 5 white', 1, 10, 10, 3000000, 3, '2018-12-16 12:39:29', '2018-12-17 09:57:57'),
(24, 'Xăng thơm', 1, 100, 10, 1000000, 1, '2018-12-18 10:30:08', '2018-12-18 10:38:42'),
(25, 'Vỉ chân IC', 1, 100, 10, 1000000, 1, '2018-12-18 10:39:17', '2018-12-18 10:39:17'),
(26, 'Panh', 1, 100, 9, 200000, 1, '2018-12-18 10:39:53', '2018-12-18 10:39:53'),
(27, 'Nước chì', 1, 50, 10, 100000, 1, '2018-12-18 10:40:23', '2018-12-18 10:40:23'),
(28, 'Nhựa thông lỏng', 1, 100, 10, 100000, 1, '2018-12-18 10:40:58', '2018-12-18 10:40:58'),
(29, 'Nhíp', 1, 100, 10, 20000, 1, '2018-12-18 10:41:23', '2018-12-18 10:41:23'),
(30, 'Mỏ hàn', 1, 100, 10, 500000, 1, '2018-12-18 10:45:56', '2018-12-18 10:45:56'),
(31, 'Máy khò nhiệt', 1, 100, 10, 300000, 1, '2018-12-18 10:46:43', '2018-12-18 10:46:43'),
(32, 'Giá đỡ vỉ máy', 1, 100, 10, 100000, 1, '2018-12-18 10:47:52', '2018-12-18 10:47:52'),
(33, 'Đồng hồ đo điện tử', 1, 100, 10, 400000, 1, '2018-12-18 10:48:27', '2018-12-18 10:48:27'),
(34, 'Đèn lúp', 1, 100, 10, 100000, 1, '2018-12-18 10:48:53', '2018-12-18 10:48:53'),
(35, 'Đầu đọc thẻ đa năng', 1, 100, 10, 100000, 1, '2018-12-18 10:49:46', '2018-12-18 10:49:46'),
(36, 'Dao', 1, 100, 10, 70000, 1, '2018-12-18 10:50:07', '2018-12-18 10:50:07'),
(38, 'Iphone XS', 1, 10, 10, 30000000, 3, '2018-12-30 21:16:34', '2018-12-30 21:16:34'),
(40, 'Iphone X black', 1, 5, 9, 25000000, 3, '2018-12-30 21:22:03', '2018-12-31 01:04:43');

-- --------------------------------------------------------

--
-- Table structure for table `item_detail`
--

CREATE TABLE `item_detail` (
  `id` int(11) UNSIGNED NOT NULL COMMENT 'chi tiêt sản phẩm',
  `item_id` int(10) UNSIGNED NOT NULL,
  `description` varchar(200) CHARACTER SET utf8 DEFAULT NULL,
  `created_at` timestamp NULL DEFAULT NULL,
  `updated_at` timestamp NULL DEFAULT NULL,
  `owned` int(10) NOT NULL DEFAULT '0' COMMENT '0-chưa ai sở hữu\n1-đã có người sở h'
) ENGINE=InnoDB DEFAULT CHARSET=latin1;

--
-- Dumping data for table `item_detail`
--

INSERT INTO `item_detail` (`id`, `item_id`, `description`, `created_at`, `updated_at`, `owned`) VALUES
(1, 24, 'Chi tiet Xăng thơm', '2018-12-18 11:24:37', '2018-12-24 10:13:30', 1),
(2, 24, 'Chi tiet Xăng thơm', '2018-12-18 11:24:37', '2018-12-24 10:24:40', 1),
(3, 24, 'Chi tiet Xăng thơm', '2018-12-18 11:24:37', '2018-12-25 10:22:10', 1),
(4, 24, 'Chi tiet Xăng thơm', '2018-12-18 11:24:37', '2018-12-25 10:45:02', 1),
(5, 24, 'Chi tiet Xăng thơm', '2018-12-18 11:24:37', '2018-12-18 11:24:37', 0),
(6, 24, 'Chi tiet Xăng thơm', '2018-12-18 11:24:37', '2018-12-18 11:24:37', 0),
(7, 24, 'Chi tiet Xăng thơm', '2018-12-18 11:24:37', '2018-12-18 11:24:37', 0),
(8, 24, 'Chi tiet Xăng thơm', '2018-12-18 11:24:37', '2018-12-18 11:24:37', 0),
(9, 24, 'Chi tiet Xăng thơm', '2018-12-18 11:24:37', '2018-12-18 11:24:37', 0),
(10, 24, 'Chi tiet Xăng thơm', '2018-12-18 11:24:37', '2018-12-18 11:24:37', 0),
(11, 24, 'Chi tiet Xăng thơm', '2018-12-18 11:24:37', '2018-12-18 11:24:37', 0),
(12, 24, 'Chi tiet Xăng thơm', '2018-12-18 11:24:37', '2018-12-18 11:24:37', 0),
(13, 24, 'Chi tiet Xăng thơm', '2018-12-18 11:24:37', '2018-12-18 11:24:37', 0),
(14, 24, 'Chi tiet Xăng thơm', '2018-12-18 11:24:37', '2018-12-18 11:24:37', 0),
(15, 24, 'Chi tiet Xăng thơm', '2018-12-18 11:24:37', '2018-12-18 11:24:37', 0),
(16, 24, 'Chi tiet Xăng thơm', '2018-12-18 11:24:37', '2018-12-18 11:24:37', 0),
(17, 24, 'Chi tiet Xăng thơm', '2018-12-18 11:24:37', '2018-12-18 11:24:37', 0),
(18, 24, 'Chi tiet Xăng thơm', '2018-12-18 11:24:37', '2018-12-18 11:24:37', 0),
(19, 24, 'Chi tiet Xăng thơm', '2018-12-18 11:24:37', '2018-12-18 11:24:37', 0),
(20, 24, 'Chi tiet Xăng thơm', '2018-12-18 11:24:37', '2018-12-18 11:24:37', 0),
(21, 24, 'Chi tiet Xăng thơm', '2018-12-18 11:24:37', '2018-12-18 11:24:37', 0),
(22, 24, 'Chi tiet Xăng thơm', '2018-12-18 11:24:37', '2018-12-18 11:24:37', 0),
(23, 24, 'Chi tiet Xăng thơm', '2018-12-18 11:24:37', '2018-12-18 11:24:37', 0),
(24, 24, 'Chi tiet Xăng thơm', '2018-12-18 11:24:37', '2018-12-18 11:24:37', 0),
(25, 24, 'Chi tiet Xăng thơm', '2018-12-18 11:24:37', '2018-12-18 11:24:37', 0),
(26, 24, 'Chi tiet Xăng thơm', '2018-12-18 11:24:38', '2018-12-18 11:24:38', 0),
(27, 24, 'Chi tiet Xăng thơm', '2018-12-18 11:24:38', '2018-12-18 11:24:38', 0),
(28, 24, 'Chi tiet Xăng thơm', '2018-12-18 11:24:38', '2018-12-18 11:24:38', 0),
(29, 24, 'Chi tiet Xăng thơm', '2018-12-18 11:24:38', '2018-12-18 11:24:38', 0),
(30, 24, 'Chi tiet Xăng thơm', '2018-12-18 11:24:38', '2018-12-18 11:24:38', 0),
(31, 24, 'Chi tiet Xăng thơm', '2018-12-18 11:24:38', '2018-12-18 11:24:38', 0),
(32, 24, 'Chi tiet Xăng thơm', '2018-12-18 11:24:38', '2018-12-18 11:24:38', 0),
(33, 24, 'Chi tiet Xăng thơm', '2018-12-18 11:24:38', '2018-12-18 11:24:38', 0),
(34, 24, 'Chi tiet Xăng thơm', '2018-12-18 11:24:38', '2018-12-18 11:24:38', 0),
(35, 24, 'Chi tiet Xăng thơm', '2018-12-18 11:24:38', '2018-12-18 11:24:38', 0),
(36, 24, 'Chi tiet Xăng thơm', '2018-12-18 11:24:38', '2018-12-18 11:24:38', 0),
(37, 24, 'Chi tiet Xăng thơm', '2018-12-18 11:24:38', '2018-12-18 11:24:38', 0),
(38, 24, 'Chi tiet Xăng thơm', '2018-12-18 11:24:38', '2018-12-18 11:24:38', 0),
(39, 24, 'Chi tiet Xăng thơm', '2018-12-18 11:24:38', '2018-12-18 11:24:38', 0),
(40, 24, 'Chi tiet Xăng thơm', '2018-12-18 11:24:38', '2018-12-18 11:24:38', 0),
(41, 24, 'Chi tiet Xăng thơm', '2018-12-18 11:24:38', '2018-12-18 11:24:38', 0),
(42, 24, 'Chi tiet Xăng thơm', '2018-12-18 11:24:38', '2018-12-18 11:24:38', 0),
(43, 24, 'Chi tiet Xăng thơm', '2018-12-18 11:24:38', '2018-12-18 11:24:38', 0),
(44, 24, 'Chi tiet Xăng thơm', '2018-12-18 11:24:38', '2018-12-18 11:24:38', 0),
(45, 24, 'Chi tiet Xăng thơm', '2018-12-18 11:24:38', '2018-12-18 11:24:38', 0),
(46, 24, 'Chi tiet Xăng thơm', '2018-12-18 11:24:38', '2018-12-18 11:24:38', 0),
(47, 24, 'Chi tiet Xăng thơm', '2018-12-18 11:24:38', '2018-12-18 11:24:38', 0),
(48, 24, 'Chi tiet Xăng thơm', '2018-12-18 11:24:38', '2018-12-18 11:24:38', 0),
(49, 24, 'Chi tiet Xăng thơm', '2018-12-18 11:24:38', '2018-12-18 11:24:38', 0),
(50, 24, 'Chi tiet Xăng thơm', '2018-12-18 11:24:38', '2018-12-18 11:24:38', 0),
(51, 24, 'Chi tiet Xăng thơm', '2018-12-18 11:24:38', '2018-12-18 11:24:38', 0),
(52, 24, 'Chi tiet Xăng thơm', '2018-12-18 11:24:38', '2018-12-18 11:24:38', 0),
(53, 24, 'Chi tiet Xăng thơm', '2018-12-18 11:24:38', '2018-12-18 11:24:38', 0),
(54, 24, 'Chi tiet Xăng thơm', '2018-12-18 11:24:38', '2018-12-18 11:24:38', 0),
(55, 24, 'Chi tiet Xăng thơm', '2018-12-18 11:24:39', '2018-12-18 11:24:39', 0),
(56, 24, 'Chi tiet Xăng thơm', '2018-12-18 11:24:39', '2018-12-18 11:24:39', 0),
(57, 24, 'Chi tiet Xăng thơm', '2018-12-18 11:24:39', '2018-12-18 11:24:39', 0),
(58, 24, 'Chi tiet Xăng thơm', '2018-12-18 11:24:39', '2018-12-18 11:24:39', 0),
(59, 24, 'Chi tiet Xăng thơm', '2018-12-18 11:24:39', '2018-12-18 11:24:39', 0),
(60, 24, 'Chi tiet Xăng thơm', '2018-12-18 11:24:39', '2018-12-18 11:24:39', 0),
(61, 24, 'Chi tiet Xăng thơm', '2018-12-18 11:24:39', '2018-12-18 11:24:39', 0),
(62, 24, 'Chi tiet Xăng thơm', '2018-12-18 11:24:39', '2018-12-18 11:24:39', 0),
(63, 24, 'Chi tiet Xăng thơm', '2018-12-18 11:24:39', '2018-12-18 11:24:39', 0),
(64, 24, 'Chi tiet Xăng thơm', '2018-12-18 11:24:39', '2018-12-18 11:24:39', 0),
(65, 24, 'Chi tiet Xăng thơm', '2018-12-18 11:24:39', '2018-12-18 11:24:39', 0),
(66, 24, 'Chi tiet Xăng thơm', '2018-12-18 11:24:39', '2018-12-18 11:24:39', 0),
(67, 24, 'Chi tiet Xăng thơm', '2018-12-18 11:24:39', '2018-12-18 11:24:39', 0),
(68, 24, 'Chi tiet Xăng thơm', '2018-12-18 11:24:39', '2018-12-18 11:24:39', 0),
(69, 24, 'Chi tiet Xăng thơm', '2018-12-18 11:24:39', '2018-12-18 11:24:39', 0),
(70, 24, 'Chi tiet Xăng thơm', '2018-12-18 11:24:39', '2018-12-18 11:24:39', 0),
(71, 24, 'Chi tiet Xăng thơm', '2018-12-18 11:24:40', '2018-12-18 11:24:40', 0),
(72, 24, 'Chi tiet Xăng thơm', '2018-12-18 11:24:40', '2018-12-18 11:24:40', 0),
(73, 24, 'Chi tiet Xăng thơm', '2018-12-18 11:24:40', '2018-12-18 11:24:40', 0),
(74, 24, 'Chi tiet Xăng thơm', '2018-12-18 11:24:40', '2018-12-18 11:24:40', 0),
(75, 24, 'Chi tiet Xăng thơm', '2018-12-18 11:24:40', '2018-12-18 11:24:40', 0),
(76, 24, 'Chi tiet Xăng thơm', '2018-12-18 11:24:40', '2018-12-18 11:24:40', 0),
(77, 24, 'Chi tiet Xăng thơm', '2018-12-18 11:24:40', '2018-12-18 11:24:40', 0),
(78, 24, 'Chi tiet Xăng thơm', '2018-12-18 11:24:40', '2018-12-18 11:24:40', 0),
(79, 24, 'Chi tiet Xăng thơm', '2018-12-18 11:24:40', '2018-12-18 11:24:40', 0),
(80, 24, 'Chi tiet Xăng thơm', '2018-12-18 11:24:40', '2018-12-18 11:24:40', 0),
(81, 24, 'Chi tiet Xăng thơm', '2018-12-18 11:24:40', '2018-12-18 11:24:40', 0),
(82, 24, 'Chi tiet Xăng thơm', '2018-12-18 11:24:40', '2018-12-18 11:24:40', 0),
(83, 24, 'Chi tiet Xăng thơm', '2018-12-18 11:24:40', '2018-12-18 11:24:40', 0),
(84, 24, 'Chi tiet Xăng thơm', '2018-12-18 11:24:40', '2018-12-18 11:24:40', 0),
(85, 24, 'Chi tiet Xăng thơm', '2018-12-18 11:24:40', '2018-12-18 11:24:40', 0),
(86, 24, 'Chi tiet Xăng thơm', '2018-12-18 11:24:40', '2018-12-18 11:24:40', 0),
(87, 24, 'Chi tiet Xăng thơm', '2018-12-18 11:24:40', '2018-12-18 11:24:40', 0),
(88, 24, 'Chi tiet Xăng thơm', '2018-12-18 11:24:40', '2018-12-18 11:24:40', 0),
(89, 24, 'Chi tiet Xăng thơm', '2018-12-18 11:24:40', '2018-12-18 11:24:40', 0),
(90, 24, 'Chi tiet Xăng thơm', '2018-12-18 11:24:40', '2018-12-18 11:24:40', 0),
(91, 24, 'Chi tiet Xăng thơm', '2018-12-18 11:24:40', '2018-12-18 11:24:40', 0),
(92, 24, 'Chi tiet Xăng thơm', '2018-12-18 11:24:41', '2018-12-18 11:24:41', 0),
(93, 24, 'Chi tiet Xăng thơm', '2018-12-18 11:24:41', '2018-12-18 11:24:41', 0),
(94, 24, 'Chi tiet Xăng thơm', '2018-12-18 11:24:41', '2018-12-18 11:24:41', 0),
(95, 24, 'Chi tiet Xăng thơm', '2018-12-18 11:24:41', '2018-12-18 11:24:41', 0),
(96, 24, 'Chi tiet Xăng thơm', '2018-12-18 11:24:41', '2018-12-18 11:24:41', 0),
(97, 24, 'Chi tiet Xăng thơm', '2018-12-18 11:24:41', '2018-12-18 11:24:41', 0),
(98, 24, 'Chi tiet Xăng thơm', '2018-12-18 11:24:41', '2018-12-18 11:24:41', 0),
(99, 24, 'Chi tiet Xăng thơm', '2018-12-18 11:24:41', '2018-12-18 11:24:41', 0),
(100, 25, 'Chi tiet Vỉ chân IC', '2018-12-18 11:24:41', '2018-12-24 10:23:55', 1),
(101, 25, 'Chi tiet Vỉ chân IC', '2018-12-18 11:24:41', '2018-12-25 10:33:34', 1),
(102, 25, 'Chi tiet Vỉ chân IC', '2018-12-18 11:24:41', '2018-12-25 10:45:17', 1),
(103, 25, 'Chi tiet Vỉ chân IC', '2018-12-18 11:24:41', '2018-12-18 11:24:41', 0),
(104, 25, 'Chi tiet Vỉ chân IC', '2018-12-18 11:24:41', '2018-12-18 11:24:41', 0),
(105, 25, 'Chi tiet Vỉ chân IC', '2018-12-18 11:24:42', '2018-12-18 11:24:42', 0),
(106, 25, 'Chi tiet Vỉ chân IC', '2018-12-18 11:24:42', '2018-12-18 11:24:42', 0),
(107, 25, 'Chi tiet Vỉ chân IC', '2018-12-18 11:24:42', '2018-12-18 11:24:42', 0),
(108, 25, 'Chi tiet Vỉ chân IC', '2018-12-18 11:24:42', '2018-12-18 11:24:42', 0),
(109, 25, 'Chi tiet Vỉ chân IC', '2018-12-18 11:24:42', '2018-12-18 11:24:42', 0),
(110, 25, 'Chi tiet Vỉ chân IC', '2018-12-18 11:24:42', '2018-12-18 11:24:42', 0),
(111, 25, 'Chi tiet Vỉ chân IC', '2018-12-18 11:24:42', '2018-12-18 11:24:42', 0),
(112, 25, 'Chi tiet Vỉ chân IC', '2018-12-18 11:24:42', '2018-12-18 11:24:42', 0),
(113, 25, 'Chi tiet Vỉ chân IC', '2018-12-18 11:24:42', '2018-12-18 11:24:42', 0),
(114, 25, 'Chi tiet Vỉ chân IC', '2018-12-18 11:24:42', '2018-12-18 11:24:42', 0),
(115, 25, 'Chi tiet Vỉ chân IC', '2018-12-18 11:24:42', '2018-12-18 11:24:42', 0),
(116, 25, 'Chi tiet Vỉ chân IC', '2018-12-18 11:24:43', '2018-12-18 11:24:43', 0),
(117, 25, 'Chi tiet Vỉ chân IC', '2018-12-18 11:24:43', '2018-12-18 11:24:43', 0),
(118, 25, 'Chi tiet Vỉ chân IC', '2018-12-18 11:24:43', '2018-12-18 11:24:43', 0),
(119, 25, 'Chi tiet Vỉ chân IC', '2018-12-18 11:24:43', '2018-12-18 11:24:43', 0),
(120, 25, 'Chi tiet Vỉ chân IC', '2018-12-18 11:24:43', '2018-12-18 11:24:43', 0),
(121, 25, 'Chi tiet Vỉ chân IC', '2018-12-18 11:24:43', '2018-12-18 11:24:43', 0),
(122, 25, 'Chi tiet Vỉ chân IC', '2018-12-18 11:24:44', '2018-12-18 11:24:44', 0),
(123, 25, 'Chi tiet Vỉ chân IC', '2018-12-18 11:24:45', '2018-12-18 11:24:45', 0),
(124, 25, 'Chi tiet Vỉ chân IC', '2018-12-18 11:24:45', '2018-12-18 11:24:45', 0),
(125, 25, 'Chi tiet Vỉ chân IC', '2018-12-18 11:24:45', '2018-12-18 11:24:45', 0),
(126, 25, 'Chi tiet Vỉ chân IC', '2018-12-18 11:24:46', '2018-12-18 11:24:46', 0),
(127, 25, 'Chi tiet Vỉ chân IC', '2018-12-18 11:24:46', '2018-12-18 11:24:46', 0),
(128, 25, 'Chi tiet Vỉ chân IC', '2018-12-18 11:24:47', '2018-12-18 11:24:47', 0),
(129, 25, 'Chi tiet Vỉ chân IC', '2018-12-18 11:24:47', '2018-12-18 11:24:47', 0),
(130, 25, 'Chi tiet Vỉ chân IC', '2018-12-18 11:24:48', '2018-12-18 11:24:48', 0),
(131, 25, 'Chi tiet Vỉ chân IC', '2018-12-18 11:24:48', '2018-12-18 11:24:48', 0),
(132, 25, 'Chi tiet Vỉ chân IC', '2018-12-18 11:24:48', '2018-12-18 11:24:48', 0),
(133, 25, 'Chi tiet Vỉ chân IC', '2018-12-18 11:24:48', '2018-12-18 11:24:48', 0),
(134, 25, 'Chi tiet Vỉ chân IC', '2018-12-18 11:24:48', '2018-12-18 11:24:48', 0),
(135, 25, 'Chi tiet Vỉ chân IC', '2018-12-18 11:24:48', '2018-12-18 11:24:48', 0),
(136, 25, 'Chi tiet Vỉ chân IC', '2018-12-18 11:24:48', '2018-12-18 11:24:48', 0),
(137, 25, 'Chi tiet Vỉ chân IC', '2018-12-18 11:24:48', '2018-12-18 11:24:48', 0),
(138, 25, 'Chi tiet Vỉ chân IC', '2018-12-18 11:24:48', '2018-12-18 11:24:48', 0),
(139, 25, 'Chi tiet Vỉ chân IC', '2018-12-18 11:24:48', '2018-12-18 11:24:48', 0),
(140, 25, 'Chi tiet Vỉ chân IC', '2018-12-18 11:24:48', '2018-12-18 11:24:48', 0),
(141, 25, 'Chi tiet Vỉ chân IC', '2018-12-18 11:24:48', '2018-12-18 11:24:48', 0),
(142, 25, 'Chi tiet Vỉ chân IC', '2018-12-18 11:24:48', '2018-12-18 11:24:48', 0),
(143, 25, 'Chi tiet Vỉ chân IC', '2018-12-18 11:24:48', '2018-12-18 11:24:48', 0),
(144, 25, 'Chi tiet Vỉ chân IC', '2018-12-18 11:24:48', '2018-12-18 11:24:48', 0),
(145, 25, 'Chi tiet Vỉ chân IC', '2018-12-18 11:24:48', '2018-12-18 11:24:48', 0),
(146, 25, 'Chi tiet Vỉ chân IC', '2018-12-18 11:24:48', '2018-12-18 11:24:48', 0),
(147, 25, 'Chi tiet Vỉ chân IC', '2018-12-18 11:24:48', '2018-12-18 11:24:48', 0),
(148, 25, 'Chi tiet Vỉ chân IC', '2018-12-18 11:24:48', '2018-12-18 11:24:48', 0),
(149, 25, 'Chi tiet Vỉ chân IC', '2018-12-18 11:24:48', '2018-12-18 11:24:48', 0),
(150, 25, 'Chi tiet Vỉ chân IC', '2018-12-18 11:24:49', '2018-12-18 11:24:49', 0),
(151, 25, 'Chi tiet Vỉ chân IC', '2018-12-18 11:24:49', '2018-12-18 11:24:49', 0),
(152, 25, 'Chi tiet Vỉ chân IC', '2018-12-18 11:24:49', '2018-12-18 11:24:49', 0),
(153, 25, 'Chi tiet Vỉ chân IC', '2018-12-18 11:24:49', '2018-12-18 11:24:49', 0),
(154, 25, 'Chi tiet Vỉ chân IC', '2018-12-18 11:24:49', '2018-12-18 11:24:49', 0),
(155, 25, 'Chi tiet Vỉ chân IC', '2018-12-18 11:24:49', '2018-12-18 11:24:49', 0),
(156, 25, 'Chi tiet Vỉ chân IC', '2018-12-18 11:24:49', '2018-12-18 11:24:49', 0),
(157, 25, 'Chi tiet Vỉ chân IC', '2018-12-18 11:24:49', '2018-12-18 11:24:49', 0),
(158, 25, 'Chi tiet Vỉ chân IC', '2018-12-18 11:24:49', '2018-12-18 11:24:49', 0),
(159, 25, 'Chi tiet Vỉ chân IC', '2018-12-18 11:24:49', '2018-12-18 11:24:49', 0),
(160, 25, 'Chi tiet Vỉ chân IC', '2018-12-18 11:24:49', '2018-12-18 11:24:49', 0),
(161, 25, 'Chi tiet Vỉ chân IC', '2018-12-18 11:24:49', '2018-12-18 11:24:49', 0),
(162, 25, 'Chi tiet Vỉ chân IC', '2018-12-18 11:24:49', '2018-12-18 11:24:49', 0),
(163, 25, 'Chi tiet Vỉ chân IC', '2018-12-18 11:24:49', '2018-12-18 11:24:49', 0),
(164, 25, 'Chi tiet Vỉ chân IC', '2018-12-18 11:24:50', '2018-12-18 11:24:50', 0),
(165, 25, 'Chi tiet Vỉ chân IC', '2018-12-18 11:24:50', '2018-12-18 11:24:50', 0),
(166, 25, 'Chi tiet Vỉ chân IC', '2018-12-18 11:24:50', '2018-12-18 11:24:50', 0),
(167, 25, 'Chi tiet Vỉ chân IC', '2018-12-18 11:24:50', '2018-12-18 11:24:50', 0),
(168, 25, 'Chi tiet Vỉ chân IC', '2018-12-18 11:24:50', '2018-12-18 11:24:50', 0),
(169, 25, 'Chi tiet Vỉ chân IC', '2018-12-18 11:24:50', '2018-12-18 11:24:50', 0),
(170, 25, 'Chi tiet Vỉ chân IC', '2018-12-18 11:24:50', '2018-12-18 11:24:50', 0),
(171, 25, 'Chi tiet Vỉ chân IC', '2018-12-18 11:24:50', '2018-12-18 11:24:50', 0),
(172, 25, 'Chi tiet Vỉ chân IC', '2018-12-18 11:24:50', '2018-12-18 11:24:50', 0),
(173, 25, 'Chi tiet Vỉ chân IC', '2018-12-18 11:24:50', '2018-12-18 11:24:50', 0),
(174, 25, 'Chi tiet Vỉ chân IC', '2018-12-18 11:24:50', '2018-12-18 11:24:50', 0),
(175, 25, 'Chi tiet Vỉ chân IC', '2018-12-18 11:24:50', '2018-12-18 11:24:50', 0),
(176, 25, 'Chi tiet Vỉ chân IC', '2018-12-18 11:24:50', '2018-12-18 11:24:50', 0),
(177, 25, 'Chi tiet Vỉ chân IC', '2018-12-18 11:24:50', '2018-12-18 11:24:50', 0),
(178, 25, 'Chi tiet Vỉ chân IC', '2018-12-18 11:24:50', '2018-12-18 11:24:50', 0),
(179, 25, 'Chi tiet Vỉ chân IC', '2018-12-18 11:24:50', '2018-12-18 11:24:50', 0),
(180, 25, 'Chi tiet Vỉ chân IC', '2018-12-18 11:24:50', '2018-12-18 11:24:50', 0),
(181, 25, 'Chi tiet Vỉ chân IC', '2018-12-18 11:24:50', '2018-12-18 11:24:50', 0),
(182, 25, 'Chi tiet Vỉ chân IC', '2018-12-18 11:24:50', '2018-12-18 11:24:50', 0),
(183, 25, 'Chi tiet Vỉ chân IC', '2018-12-18 11:24:50', '2018-12-18 11:24:50', 0),
(184, 25, 'Chi tiet Vỉ chân IC', '2018-12-18 11:24:51', '2018-12-18 11:24:51', 0),
(185, 25, 'Chi tiet Vỉ chân IC', '2018-12-18 11:24:51', '2018-12-18 11:24:51', 0),
(186, 25, 'Chi tiet Vỉ chân IC', '2018-12-18 11:24:51', '2018-12-18 11:24:51', 0),
(187, 25, 'Chi tiet Vỉ chân IC', '2018-12-18 11:24:51', '2018-12-18 11:24:51', 0),
(188, 25, 'Chi tiet Vỉ chân IC', '2018-12-18 11:24:51', '2018-12-18 11:24:51', 0),
(189, 25, 'Chi tiet Vỉ chân IC', '2018-12-18 11:24:51', '2018-12-18 11:24:51', 0),
(190, 25, 'Chi tiet Vỉ chân IC', '2018-12-18 11:24:51', '2018-12-18 11:24:51', 0),
(191, 25, 'Chi tiet Vỉ chân IC', '2018-12-18 11:24:51', '2018-12-18 11:24:51', 0),
(192, 25, 'Chi tiet Vỉ chân IC', '2018-12-18 11:24:51', '2018-12-18 11:24:51', 0),
(193, 25, 'Chi tiet Vỉ chân IC', '2018-12-18 11:24:51', '2018-12-18 11:24:51', 0),
(194, 25, 'Chi tiet Vỉ chân IC', '2018-12-18 11:24:51', '2018-12-18 11:24:51', 0),
(195, 25, 'Chi tiet Vỉ chân IC', '2018-12-18 11:24:51', '2018-12-18 11:24:51', 0),
(196, 25, 'Chi tiet Vỉ chân IC', '2018-12-18 11:24:51', '2018-12-18 11:24:51', 0),
(197, 25, 'Chi tiet Vỉ chân IC', '2018-12-18 11:24:51', '2018-12-18 11:24:51', 0),
(198, 25, 'Chi tiet Vỉ chân IC', '2018-12-18 11:24:51', '2018-12-18 11:24:51', 0),
(199, 26, 'Chi tiet Panh', '2018-12-18 11:24:52', '2018-12-25 08:44:57', 1),
(200, 26, 'Chi tiet Panh', '2018-12-18 11:24:52', '2018-12-25 10:22:40', 1),
(201, 26, 'Chi tiet Panh', '2018-12-18 11:24:52', '2018-12-25 10:23:28', 1),
(202, 26, 'Chi tiet Panh', '2018-12-18 11:24:52', '2018-12-25 10:45:43', 1),
(203, 26, 'Chi tiet Panh', '2018-12-18 11:24:52', '2018-12-31 00:56:51', 1),
(204, 26, 'Chi tiet Panh', '2018-12-18 11:24:52', '2018-12-18 11:24:52', 0),
(205, 26, 'Chi tiet Panh', '2018-12-18 11:24:52', '2018-12-18 11:24:52', 0),
(206, 26, 'Chi tiet Panh', '2018-12-18 11:24:52', '2018-12-18 11:24:52', 0),
(207, 26, 'Chi tiet Panh', '2018-12-18 11:24:53', '2018-12-18 11:24:53', 0),
(208, 26, 'Chi tiet Panh', '2018-12-18 11:24:53', '2018-12-18 11:24:53', 0),
(209, 26, 'Chi tiet Panh', '2018-12-18 11:24:53', '2018-12-18 11:24:53', 0),
(210, 26, 'Chi tiet Panh', '2018-12-18 11:24:53', '2018-12-18 11:24:53', 0),
(211, 26, 'Chi tiet Panh', '2018-12-18 11:24:53', '2018-12-18 11:24:53', 0),
(212, 26, 'Chi tiet Panh', '2018-12-18 11:24:53', '2018-12-18 11:24:53', 0),
(213, 26, 'Chi tiet Panh', '2018-12-18 11:24:53', '2018-12-18 11:24:53', 0),
(214, 26, 'Chi tiet Panh', '2018-12-18 11:24:53', '2018-12-18 11:24:53', 0),
(215, 26, 'Chi tiet Panh', '2018-12-18 11:24:54', '2018-12-18 11:24:54', 0),
(216, 26, 'Chi tiet Panh', '2018-12-18 11:24:55', '2018-12-18 11:24:55', 0),
(217, 26, 'Chi tiet Panh', '2018-12-18 11:24:55', '2018-12-18 11:24:55', 0),
(218, 26, 'Chi tiet Panh', '2018-12-18 11:24:56', '2018-12-18 11:24:56', 0),
(219, 26, 'Chi tiet Panh', '2018-12-18 11:24:56', '2018-12-18 11:24:56', 0),
(220, 26, 'Chi tiet Panh', '2018-12-18 11:24:56', '2018-12-18 11:24:56', 0),
(221, 26, 'Chi tiet Panh', '2018-12-18 11:24:56', '2018-12-18 11:24:56', 0),
(222, 26, 'Chi tiet Panh', '2018-12-18 11:24:56', '2018-12-18 11:24:56', 0),
(223, 26, 'Chi tiet Panh', '2018-12-18 11:24:57', '2018-12-18 11:24:57', 0),
(224, 26, 'Chi tiet Panh', '2018-12-18 11:24:57', '2018-12-18 11:24:57', 0),
(225, 26, 'Chi tiet Panh', '2018-12-18 11:24:57', '2018-12-18 11:24:57', 0),
(226, 26, 'Chi tiet Panh', '2018-12-18 11:24:57', '2018-12-18 11:24:57', 0),
(227, 26, 'Chi tiet Panh', '2018-12-18 11:24:57', '2018-12-18 11:24:57', 0),
(228, 26, 'Chi tiet Panh', '2018-12-18 11:24:57', '2018-12-18 11:24:57', 0),
(229, 26, 'Chi tiet Panh', '2018-12-18 11:24:57', '2018-12-18 11:24:57', 0),
(230, 26, 'Chi tiet Panh', '2018-12-18 11:24:58', '2018-12-18 11:24:58', 0),
(231, 26, 'Chi tiet Panh', '2018-12-18 11:24:58', '2018-12-18 11:24:58', 0),
(232, 26, 'Chi tiet Panh', '2018-12-18 11:24:58', '2018-12-18 11:24:58', 0),
(233, 26, 'Chi tiet Panh', '2018-12-18 11:24:58', '2018-12-18 11:24:58', 0),
(234, 26, 'Chi tiet Panh', '2018-12-18 11:24:58', '2018-12-18 11:24:58', 0),
(235, 26, 'Chi tiet Panh', '2018-12-18 11:24:58', '2018-12-18 11:24:58', 0),
(236, 26, 'Chi tiet Panh', '2018-12-18 11:24:58', '2018-12-18 11:24:58', 0),
(237, 26, 'Chi tiet Panh', '2018-12-18 11:24:58', '2018-12-18 11:24:58', 0),
(238, 26, 'Chi tiet Panh', '2018-12-18 11:24:58', '2018-12-18 11:24:58', 0),
(239, 26, 'Chi tiet Panh', '2018-12-18 11:24:58', '2018-12-18 11:24:58', 0),
(240, 26, 'Chi tiet Panh', '2018-12-18 11:24:58', '2018-12-18 11:24:58', 0),
(241, 26, 'Chi tiet Panh', '2018-12-18 11:24:58', '2018-12-18 11:24:58', 0),
(242, 26, 'Chi tiet Panh', '2018-12-18 11:24:58', '2018-12-18 11:24:58', 0),
(243, 26, 'Chi tiet Panh', '2018-12-18 11:24:58', '2018-12-18 11:24:58', 0),
(244, 26, 'Chi tiet Panh', '2018-12-18 11:24:58', '2018-12-18 11:24:58', 0),
(245, 26, 'Chi tiet Panh', '2018-12-18 11:24:58', '2018-12-18 11:24:58', 0),
(246, 26, 'Chi tiet Panh', '2018-12-18 11:24:59', '2018-12-18 11:24:59', 0),
(247, 26, 'Chi tiet Panh', '2018-12-18 11:24:59', '2018-12-18 11:24:59', 0),
(248, 26, 'Chi tiet Panh', '2018-12-18 11:24:59', '2018-12-18 11:24:59', 0),
(249, 26, 'Chi tiet Panh', '2018-12-18 11:24:59', '2018-12-18 11:24:59', 0),
(250, 26, 'Chi tiet Panh', '2018-12-18 11:24:59', '2018-12-18 11:24:59', 0),
(251, 26, 'Chi tiet Panh', '2018-12-18 11:24:59', '2018-12-18 11:24:59', 0),
(252, 26, 'Chi tiet Panh', '2018-12-18 11:24:59', '2018-12-18 11:24:59', 0),
(253, 26, 'Chi tiet Panh', '2018-12-18 11:24:59', '2018-12-18 11:24:59', 0),
(254, 26, 'Chi tiet Panh', '2018-12-18 11:24:59', '2018-12-18 11:24:59', 0),
(255, 26, 'Chi tiet Panh', '2018-12-18 11:24:59', '2018-12-18 11:24:59', 0),
(256, 26, 'Chi tiet Panh', '2018-12-18 11:24:59', '2018-12-18 11:24:59', 0),
(257, 26, 'Chi tiet Panh', '2018-12-18 11:24:59', '2018-12-18 11:24:59', 0),
(258, 26, 'Chi tiet Panh', '2018-12-18 11:24:59', '2018-12-18 11:24:59', 0),
(259, 26, 'Chi tiet Panh', '2018-12-18 11:24:59', '2018-12-18 11:24:59', 0),
(260, 26, 'Chi tiet Panh', '2018-12-18 11:24:59', '2018-12-18 11:24:59', 0),
(261, 26, 'Chi tiet Panh', '2018-12-18 11:24:59', '2018-12-18 11:24:59', 0),
(262, 26, 'Chi tiet Panh', '2018-12-18 11:24:59', '2018-12-18 11:24:59', 0),
(263, 26, 'Chi tiet Panh', '2018-12-18 11:24:59', '2018-12-18 11:24:59', 0),
(264, 26, 'Chi tiet Panh', '2018-12-18 11:24:59', '2018-12-18 11:24:59', 0),
(265, 26, 'Chi tiet Panh', '2018-12-18 11:24:59', '2018-12-18 11:24:59', 0),
(266, 26, 'Chi tiet Panh', '2018-12-18 11:24:59', '2018-12-18 11:24:59', 0),
(267, 26, 'Chi tiet Panh', '2018-12-18 11:25:00', '2018-12-18 11:25:00', 0),
(268, 26, 'Chi tiet Panh', '2018-12-18 11:25:00', '2018-12-18 11:25:00', 0),
(269, 26, 'Chi tiet Panh', '2018-12-18 11:25:00', '2018-12-18 11:25:00', 0),
(270, 26, 'Chi tiet Panh', '2018-12-18 11:25:00', '2018-12-18 11:25:00', 0),
(271, 26, 'Chi tiet Panh', '2018-12-18 11:25:00', '2018-12-18 11:25:00', 0),
(272, 26, 'Chi tiet Panh', '2018-12-18 11:25:00', '2018-12-18 11:25:00', 0),
(273, 26, 'Chi tiet Panh', '2018-12-18 11:25:00', '2018-12-18 11:25:00', 0),
(274, 26, 'Chi tiet Panh', '2018-12-18 11:25:00', '2018-12-18 11:25:00', 0),
(275, 26, 'Chi tiet Panh', '2018-12-18 11:25:00', '2018-12-18 11:25:00', 0),
(276, 26, 'Chi tiet Panh', '2018-12-18 11:25:00', '2018-12-18 11:25:00', 0),
(277, 26, 'Chi tiet Panh', '2018-12-18 11:25:00', '2018-12-18 11:25:00', 0),
(278, 26, 'Chi tiet Panh', '2018-12-18 11:25:00', '2018-12-18 11:25:00', 0),
(279, 26, 'Chi tiet Panh', '2018-12-18 11:25:00', '2018-12-18 11:25:00', 0),
(280, 26, 'Chi tiet Panh', '2018-12-18 11:25:00', '2018-12-18 11:25:00', 0),
(281, 26, 'Chi tiet Panh', '2018-12-18 11:25:01', '2018-12-18 11:25:01', 0),
(282, 26, 'Chi tiet Panh', '2018-12-18 11:25:01', '2018-12-18 11:25:01', 0),
(283, 26, 'Chi tiet Panh', '2018-12-18 11:25:01', '2018-12-18 11:25:01', 0),
(284, 26, 'Chi tiet Panh', '2018-12-18 11:25:01', '2018-12-18 11:25:01', 0),
(285, 26, 'Chi tiet Panh', '2018-12-18 11:25:01', '2018-12-18 11:25:01', 0),
(286, 26, 'Chi tiet Panh', '2018-12-18 11:25:01', '2018-12-18 11:25:01', 0),
(287, 26, 'Chi tiet Panh', '2018-12-18 11:25:01', '2018-12-18 11:25:01', 0),
(288, 26, 'Chi tiet Panh', '2018-12-18 11:25:01', '2018-12-18 11:25:01', 0),
(289, 26, 'Chi tiet Panh', '2018-12-18 11:25:01', '2018-12-18 11:25:01', 0),
(290, 26, 'Chi tiet Panh', '2018-12-18 11:25:01', '2018-12-18 11:25:01', 0),
(291, 26, 'Chi tiet Panh', '2018-12-18 11:25:01', '2018-12-18 11:25:01', 0),
(292, 26, 'Chi tiet Panh', '2018-12-18 11:25:01', '2018-12-18 11:25:01', 0),
(293, 26, 'Chi tiet Panh', '2018-12-18 11:25:01', '2018-12-18 11:25:01', 0),
(294, 26, 'Chi tiet Panh', '2018-12-18 11:25:01', '2018-12-18 11:25:01', 0),
(295, 26, 'Chi tiet Panh', '2018-12-18 11:25:01', '2018-12-18 11:25:01', 0),
(296, 26, 'Chi tiet Panh', '2018-12-18 11:25:01', '2018-12-18 11:25:01', 0),
(297, 26, 'Chi tiet Panh', '2018-12-18 11:25:02', '2018-12-18 11:25:02', 0),
(298, 27, 'Chi tiet Nước chì', '2018-12-18 11:25:02', '2018-12-25 10:46:00', 1),
(299, 27, 'Chi tiet Nước chì', '2018-12-18 11:25:02', '2018-12-18 11:25:02', 0),
(300, 27, 'Chi tiet Nước chì', '2018-12-18 11:25:02', '2018-12-18 11:25:02', 0),
(301, 27, 'Chi tiet Nước chì', '2018-12-18 11:25:02', '2018-12-18 11:25:02', 0),
(302, 27, 'Chi tiet Nước chì', '2018-12-18 11:25:02', '2018-12-18 11:25:02', 0),
(303, 27, 'Chi tiet Nước chì', '2018-12-18 11:25:02', '2018-12-18 11:25:02', 0),
(304, 27, 'Chi tiet Nước chì', '2018-12-18 11:25:02', '2018-12-18 11:25:02', 0),
(305, 27, 'Chi tiet Nước chì', '2018-12-18 11:25:03', '2018-12-18 11:25:03', 0),
(306, 27, 'Chi tiet Nước chì', '2018-12-18 11:25:03', '2018-12-18 11:25:03', 0),
(307, 27, 'Chi tiet Nước chì', '2018-12-18 11:25:03', '2018-12-18 11:25:03', 0),
(308, 27, 'Chi tiet Nước chì', '2018-12-18 11:25:03', '2018-12-18 11:25:03', 0),
(309, 27, 'Chi tiet Nước chì', '2018-12-18 11:25:03', '2018-12-18 11:25:03', 0),
(310, 27, 'Chi tiet Nước chì', '2018-12-18 11:25:03', '2018-12-18 11:25:03', 0),
(311, 27, 'Chi tiet Nước chì', '2018-12-18 11:25:03', '2018-12-18 11:25:03', 0),
(312, 27, 'Chi tiet Nước chì', '2018-12-18 11:25:03', '2018-12-18 11:25:03', 0),
(313, 27, 'Chi tiet Nước chì', '2018-12-18 11:25:04', '2018-12-18 11:25:04', 0),
(314, 27, 'Chi tiet Nước chì', '2018-12-18 11:25:04', '2018-12-18 11:25:04', 0),
(315, 27, 'Chi tiet Nước chì', '2018-12-18 11:25:04', '2018-12-18 11:25:04', 0),
(316, 27, 'Chi tiet Nước chì', '2018-12-18 11:25:04', '2018-12-18 11:25:04', 0),
(317, 27, 'Chi tiet Nước chì', '2018-12-18 11:25:05', '2018-12-18 11:25:05', 0),
(318, 27, 'Chi tiet Nước chì', '2018-12-18 11:25:05', '2018-12-18 11:25:05', 0),
(319, 27, 'Chi tiet Nước chì', '2018-12-18 11:25:05', '2018-12-18 11:25:05', 0),
(320, 27, 'Chi tiet Nước chì', '2018-12-18 11:25:05', '2018-12-18 11:25:05', 0),
(321, 27, 'Chi tiet Nước chì', '2018-12-18 11:25:05', '2018-12-18 11:25:05', 0),
(322, 27, 'Chi tiet Nước chì', '2018-12-18 11:25:05', '2018-12-18 11:25:05', 0),
(323, 27, 'Chi tiet Nước chì', '2018-12-18 11:25:05', '2018-12-18 11:25:05', 0),
(324, 27, 'Chi tiet Nước chì', '2018-12-18 11:25:06', '2018-12-18 11:25:06', 0),
(325, 27, 'Chi tiet Nước chì', '2018-12-18 11:25:06', '2018-12-18 11:25:06', 0),
(326, 27, 'Chi tiet Nước chì', '2018-12-18 11:25:06', '2018-12-18 11:25:06', 0),
(327, 27, 'Chi tiet Nước chì', '2018-12-18 11:25:06', '2018-12-18 11:25:06', 0),
(328, 27, 'Chi tiet Nước chì', '2018-12-18 11:25:06', '2018-12-18 11:25:06', 0),
(329, 27, 'Chi tiet Nước chì', '2018-12-18 11:25:06', '2018-12-18 11:25:06', 0),
(330, 27, 'Chi tiet Nước chì', '2018-12-18 11:25:06', '2018-12-18 11:25:06', 0),
(331, 27, 'Chi tiet Nước chì', '2018-12-18 11:25:06', '2018-12-18 11:25:06', 0),
(332, 27, 'Chi tiet Nước chì', '2018-12-18 11:25:06', '2018-12-18 11:25:06', 0),
(333, 27, 'Chi tiet Nước chì', '2018-12-18 11:25:06', '2018-12-18 11:25:06', 0),
(334, 27, 'Chi tiet Nước chì', '2018-12-18 11:25:06', '2018-12-18 11:25:06', 0),
(335, 27, 'Chi tiet Nước chì', '2018-12-18 11:25:07', '2018-12-18 11:25:07', 0),
(336, 27, 'Chi tiet Nước chì', '2018-12-18 11:25:07', '2018-12-18 11:25:07', 0),
(337, 27, 'Chi tiet Nước chì', '2018-12-18 11:25:07', '2018-12-18 11:25:07', 0),
(338, 27, 'Chi tiet Nước chì', '2018-12-18 11:25:07', '2018-12-18 11:25:07', 0),
(339, 27, 'Chi tiet Nước chì', '2018-12-18 11:25:07', '2018-12-18 11:25:07', 0),
(340, 27, 'Chi tiet Nước chì', '2018-12-18 11:25:07', '2018-12-18 11:25:07', 0),
(341, 27, 'Chi tiet Nước chì', '2018-12-18 11:25:07', '2018-12-18 11:25:07', 0),
(342, 27, 'Chi tiet Nước chì', '2018-12-18 11:25:07', '2018-12-18 11:25:07', 0),
(343, 27, 'Chi tiet Nước chì', '2018-12-18 11:25:07', '2018-12-18 11:25:07', 0),
(344, 27, 'Chi tiet Nước chì', '2018-12-18 11:25:07', '2018-12-18 11:25:07', 0),
(345, 27, 'Chi tiet Nước chì', '2018-12-18 11:25:07', '2018-12-18 11:25:07', 0),
(346, 27, 'Chi tiet Nước chì', '2018-12-18 11:25:07', '2018-12-18 11:25:07', 0),
(347, 28, 'Chi tiet Nhựa thông lỏng', '2018-12-18 11:25:07', '2018-12-25 08:46:58', 1),
(348, 28, 'Chi tiet Nhựa thông lỏng', '2018-12-18 11:25:07', '2018-12-25 10:46:24', 1),
(349, 28, 'Chi tiet Nhựa thông lỏng', '2018-12-18 11:25:07', '2018-12-18 11:25:07', 0),
(350, 28, 'Chi tiet Nhựa thông lỏng', '2018-12-18 11:25:07', '2018-12-18 11:25:07', 0),
(351, 28, 'Chi tiet Nhựa thông lỏng', '2018-12-18 11:25:07', '2018-12-18 11:25:07', 0),
(352, 28, 'Chi tiet Nhựa thông lỏng', '2018-12-18 11:25:07', '2018-12-18 11:25:07', 0),
(353, 28, 'Chi tiet Nhựa thông lỏng', '2018-12-18 11:25:08', '2018-12-18 11:25:08', 0),
(354, 28, 'Chi tiet Nhựa thông lỏng', '2018-12-18 11:25:08', '2018-12-18 11:25:08', 0),
(355, 28, 'Chi tiet Nhựa thông lỏng', '2018-12-18 11:25:08', '2018-12-18 11:25:08', 0),
(356, 28, 'Chi tiet Nhựa thông lỏng', '2018-12-18 11:25:08', '2018-12-18 11:25:08', 0),
(357, 28, 'Chi tiet Nhựa thông lỏng', '2018-12-18 11:25:08', '2018-12-18 11:25:08', 0),
(358, 28, 'Chi tiet Nhựa thông lỏng', '2018-12-18 11:25:08', '2018-12-18 11:25:08', 0),
(359, 28, 'Chi tiet Nhựa thông lỏng', '2018-12-18 11:25:08', '2018-12-18 11:25:08', 0),
(360, 28, 'Chi tiet Nhựa thông lỏng', '2018-12-18 11:25:08', '2018-12-18 11:25:08', 0),
(361, 28, 'Chi tiet Nhựa thông lỏng', '2018-12-18 11:25:08', '2018-12-18 11:25:08', 0),
(362, 28, 'Chi tiet Nhựa thông lỏng', '2018-12-18 11:25:08', '2018-12-18 11:25:08', 0),
(363, 28, 'Chi tiet Nhựa thông lỏng', '2018-12-18 11:25:08', '2018-12-18 11:25:08', 0),
(364, 28, 'Chi tiet Nhựa thông lỏng', '2018-12-18 11:25:08', '2018-12-18 11:25:08', 0),
(365, 28, 'Chi tiet Nhựa thông lỏng', '2018-12-18 11:25:08', '2018-12-18 11:25:08', 0),
(366, 28, 'Chi tiet Nhựa thông lỏng', '2018-12-18 11:25:08', '2018-12-18 11:25:08', 0),
(367, 28, 'Chi tiet Nhựa thông lỏng', '2018-12-18 11:25:08', '2018-12-18 11:25:08', 0),
(368, 28, 'Chi tiet Nhựa thông lỏng', '2018-12-18 11:25:08', '2018-12-18 11:25:08', 0),
(369, 28, 'Chi tiet Nhựa thông lỏng', '2018-12-18 11:25:08', '2018-12-18 11:25:08', 0),
(370, 28, 'Chi tiet Nhựa thông lỏng', '2018-12-18 11:25:08', '2018-12-18 11:25:08', 0),
(371, 28, 'Chi tiet Nhựa thông lỏng', '2018-12-18 11:25:08', '2018-12-18 11:25:08', 0),
(372, 28, 'Chi tiet Nhựa thông lỏng', '2018-12-18 11:25:08', '2018-12-18 11:25:08', 0),
(373, 28, 'Chi tiet Nhựa thông lỏng', '2018-12-18 11:25:09', '2018-12-18 11:25:09', 0),
(374, 28, 'Chi tiet Nhựa thông lỏng', '2018-12-18 11:25:09', '2018-12-18 11:25:09', 0),
(375, 28, 'Chi tiet Nhựa thông lỏng', '2018-12-18 11:25:09', '2018-12-18 11:25:09', 0),
(376, 28, 'Chi tiet Nhựa thông lỏng', '2018-12-18 11:25:09', '2018-12-18 11:25:09', 0),
(377, 28, 'Chi tiet Nhựa thông lỏng', '2018-12-18 11:25:09', '2018-12-18 11:25:09', 0),
(378, 28, 'Chi tiet Nhựa thông lỏng', '2018-12-18 11:25:09', '2018-12-18 11:25:09', 0),
(379, 28, 'Chi tiet Nhựa thông lỏng', '2018-12-18 11:25:09', '2018-12-18 11:25:09', 0),
(380, 28, 'Chi tiet Nhựa thông lỏng', '2018-12-18 11:25:09', '2018-12-18 11:25:09', 0),
(381, 28, 'Chi tiet Nhựa thông lỏng', '2018-12-18 11:25:09', '2018-12-18 11:25:09', 0),
(382, 28, 'Chi tiet Nhựa thông lỏng', '2018-12-18 11:25:09', '2018-12-18 11:25:09', 0),
(383, 28, 'Chi tiet Nhựa thông lỏng', '2018-12-18 11:25:10', '2018-12-18 11:25:10', 0),
(384, 28, 'Chi tiet Nhựa thông lỏng', '2018-12-18 11:25:10', '2018-12-18 11:25:10', 0),
(385, 28, 'Chi tiet Nhựa thông lỏng', '2018-12-18 11:25:10', '2018-12-18 11:25:10', 0),
(386, 28, 'Chi tiet Nhựa thông lỏng', '2018-12-18 11:25:10', '2018-12-18 11:25:10', 0),
(387, 28, 'Chi tiet Nhựa thông lỏng', '2018-12-18 11:25:10', '2018-12-18 11:25:10', 0),
(388, 28, 'Chi tiet Nhựa thông lỏng', '2018-12-18 11:25:10', '2018-12-18 11:25:10', 0),
(389, 28, 'Chi tiet Nhựa thông lỏng', '2018-12-18 11:25:10', '2018-12-18 11:25:10', 0),
(390, 28, 'Chi tiet Nhựa thông lỏng', '2018-12-18 11:25:10', '2018-12-18 11:25:10', 0),
(391, 28, 'Chi tiet Nhựa thông lỏng', '2018-12-18 11:25:10', '2018-12-18 11:25:10', 0),
(392, 28, 'Chi tiet Nhựa thông lỏng', '2018-12-18 11:25:10', '2018-12-18 11:25:10', 0),
(393, 28, 'Chi tiet Nhựa thông lỏng', '2018-12-18 11:25:10', '2018-12-18 11:25:10', 0),
(394, 28, 'Chi tiet Nhựa thông lỏng', '2018-12-18 11:25:10', '2018-12-18 11:25:10', 0),
(395, 28, 'Chi tiet Nhựa thông lỏng', '2018-12-18 11:25:11', '2018-12-18 11:25:11', 0),
(396, 28, 'Chi tiet Nhựa thông lỏng', '2018-12-18 11:25:11', '2018-12-18 11:25:11', 0),
(397, 28, 'Chi tiet Nhựa thông lỏng', '2018-12-18 11:25:11', '2018-12-18 11:25:11', 0),
(398, 28, 'Chi tiet Nhựa thông lỏng', '2018-12-18 11:25:11', '2018-12-18 11:25:11', 0),
(399, 28, 'Chi tiet Nhựa thông lỏng', '2018-12-18 11:25:11', '2018-12-18 11:25:11', 0),
(400, 28, 'Chi tiet Nhựa thông lỏng', '2018-12-18 11:25:11', '2018-12-18 11:25:11', 0),
(401, 28, 'Chi tiet Nhựa thông lỏng', '2018-12-18 11:25:11', '2018-12-18 11:25:11', 0),
(402, 28, 'Chi tiet Nhựa thông lỏng', '2018-12-18 11:25:11', '2018-12-18 11:25:11', 0),
(403, 28, 'Chi tiet Nhựa thông lỏng', '2018-12-18 11:25:11', '2018-12-18 11:25:11', 0),
(404, 28, 'Chi tiet Nhựa thông lỏng', '2018-12-18 11:25:11', '2018-12-18 11:25:11', 0),
(405, 28, 'Chi tiet Nhựa thông lỏng', '2018-12-18 11:25:11', '2018-12-18 11:25:11', 0),
(406, 28, 'Chi tiet Nhựa thông lỏng', '2018-12-18 11:25:12', '2018-12-18 11:25:12', 0),
(407, 28, 'Chi tiet Nhựa thông lỏng', '2018-12-18 11:25:12', '2018-12-18 11:25:12', 0),
(408, 28, 'Chi tiet Nhựa thông lỏng', '2018-12-18 11:25:12', '2018-12-18 11:25:12', 0),
(409, 28, 'Chi tiet Nhựa thông lỏng', '2018-12-18 11:25:12', '2018-12-18 11:25:12', 0),
(410, 28, 'Chi tiet Nhựa thông lỏng', '2018-12-18 11:25:12', '2018-12-18 11:25:12', 0),
(411, 28, 'Chi tiet Nhựa thông lỏng', '2018-12-18 11:25:12', '2018-12-18 11:25:12', 0),
(412, 28, 'Chi tiet Nhựa thông lỏng', '2018-12-18 11:25:12', '2018-12-18 11:25:12', 0),
(413, 28, 'Chi tiet Nhựa thông lỏng', '2018-12-18 11:25:12', '2018-12-18 11:25:12', 0),
(414, 28, 'Chi tiet Nhựa thông lỏng', '2018-12-18 11:25:12', '2018-12-18 11:25:12', 0),
(415, 28, 'Chi tiet Nhựa thông lỏng', '2018-12-18 11:25:12', '2018-12-18 11:25:12', 0),
(416, 28, 'Chi tiet Nhựa thông lỏng', '2018-12-18 11:25:12', '2018-12-18 11:25:12', 0),
(417, 28, 'Chi tiet Nhựa thông lỏng', '2018-12-18 11:25:13', '2018-12-18 11:25:13', 0),
(418, 28, 'Chi tiet Nhựa thông lỏng', '2018-12-18 11:25:13', '2018-12-18 11:25:13', 0),
(419, 28, 'Chi tiet Nhựa thông lỏng', '2018-12-18 11:25:13', '2018-12-18 11:25:13', 0),
(420, 28, 'Chi tiet Nhựa thông lỏng', '2018-12-18 11:25:13', '2018-12-18 11:25:13', 0),
(421, 28, 'Chi tiet Nhựa thông lỏng', '2018-12-18 11:25:14', '2018-12-18 11:25:14', 0),
(422, 28, 'Chi tiet Nhựa thông lỏng', '2018-12-18 11:25:14', '2018-12-18 11:25:14', 0),
(423, 28, 'Chi tiet Nhựa thông lỏng', '2018-12-18 11:25:14', '2018-12-18 11:25:14', 0),
(424, 28, 'Chi tiet Nhựa thông lỏng', '2018-12-18 11:25:14', '2018-12-18 11:25:14', 0),
(425, 28, 'Chi tiet Nhựa thông lỏng', '2018-12-18 11:25:14', '2018-12-18 11:25:14', 0),
(426, 28, 'Chi tiet Nhựa thông lỏng', '2018-12-18 11:25:14', '2018-12-18 11:25:14', 0),
(427, 28, 'Chi tiet Nhựa thông lỏng', '2018-12-18 11:25:15', '2018-12-18 11:25:15', 0),
(428, 28, 'Chi tiet Nhựa thông lỏng', '2018-12-18 11:25:15', '2018-12-18 11:25:15', 0),
(429, 28, 'Chi tiet Nhựa thông lỏng', '2018-12-18 11:25:16', '2018-12-18 11:25:16', 0),
(430, 28, 'Chi tiet Nhựa thông lỏng', '2018-12-18 11:25:16', '2018-12-18 11:25:16', 0),
(431, 28, 'Chi tiet Nhựa thông lỏng', '2018-12-18 11:25:17', '2018-12-18 11:25:17', 0),
(432, 28, 'Chi tiet Nhựa thông lỏng', '2018-12-18 11:25:17', '2018-12-18 11:25:17', 0),
(433, 28, 'Chi tiet Nhựa thông lỏng', '2018-12-18 11:25:18', '2018-12-18 11:25:18', 0),
(434, 28, 'Chi tiet Nhựa thông lỏng', '2018-12-18 11:25:18', '2018-12-18 11:25:18', 0),
(435, 28, 'Chi tiet Nhựa thông lỏng', '2018-12-18 11:25:18', '2018-12-18 11:25:18', 0),
(436, 28, 'Chi tiet Nhựa thông lỏng', '2018-12-18 11:25:18', '2018-12-18 11:25:18', 0),
(437, 28, 'Chi tiet Nhựa thông lỏng', '2018-12-18 11:25:18', '2018-12-18 11:25:18', 0),
(438, 28, 'Chi tiet Nhựa thông lỏng', '2018-12-18 11:25:18', '2018-12-18 11:25:18', 0),
(439, 28, 'Chi tiet Nhựa thông lỏng', '2018-12-18 11:25:19', '2018-12-18 11:25:19', 0),
(440, 28, 'Chi tiet Nhựa thông lỏng', '2018-12-18 11:25:19', '2018-12-18 11:25:19', 0),
(441, 28, 'Chi tiet Nhựa thông lỏng', '2018-12-18 11:25:19', '2018-12-18 11:25:19', 0),
(442, 28, 'Chi tiet Nhựa thông lỏng', '2018-12-18 11:25:19', '2018-12-18 11:25:19', 0),
(443, 28, 'Chi tiet Nhựa thông lỏng', '2018-12-18 11:25:19', '2018-12-18 11:25:19', 0),
(444, 28, 'Chi tiet Nhựa thông lỏng', '2018-12-18 11:25:19', '2018-12-18 11:25:19', 0),
(445, 28, 'Chi tiet Nhựa thông lỏng', '2018-12-18 11:25:19', '2018-12-18 11:25:19', 0),
(446, 29, 'Chi tiet Nhíp', '2018-12-18 11:25:19', '2018-12-25 10:46:38', 1),
(447, 29, 'Chi tiet Nhíp', '2018-12-18 11:25:19', '2018-12-18 11:25:19', 0),
(448, 29, 'Chi tiet Nhíp', '2018-12-18 11:25:19', '2018-12-18 11:25:19', 0),
(449, 29, 'Chi tiet Nhíp', '2018-12-18 11:25:19', '2018-12-18 11:25:19', 0),
(450, 29, 'Chi tiet Nhíp', '2018-12-18 11:25:19', '2018-12-18 11:25:19', 0),
(451, 29, 'Chi tiet Nhíp', '2018-12-18 11:25:19', '2018-12-18 11:25:19', 0),
(452, 29, 'Chi tiet Nhíp', '2018-12-18 11:25:19', '2018-12-18 11:25:19', 0),
(453, 29, 'Chi tiet Nhíp', '2018-12-18 11:25:19', '2018-12-18 11:25:19', 0),
(454, 29, 'Chi tiet Nhíp', '2018-12-18 11:25:19', '2018-12-18 11:25:19', 0),
(455, 29, 'Chi tiet Nhíp', '2018-12-18 11:25:19', '2018-12-18 11:25:19', 0),
(456, 29, 'Chi tiet Nhíp', '2018-12-18 11:25:20', '2018-12-18 11:25:20', 0),
(457, 29, 'Chi tiet Nhíp', '2018-12-18 11:25:20', '2018-12-18 11:25:20', 0),
(458, 29, 'Chi tiet Nhíp', '2018-12-18 11:25:20', '2018-12-18 11:25:20', 0),
(459, 29, 'Chi tiet Nhíp', '2018-12-18 11:25:20', '2018-12-18 11:25:20', 0),
(460, 29, 'Chi tiet Nhíp', '2018-12-18 11:25:20', '2018-12-18 11:25:20', 0),
(461, 29, 'Chi tiet Nhíp', '2018-12-18 11:25:20', '2018-12-18 11:25:20', 0),
(462, 29, 'Chi tiet Nhíp', '2018-12-18 11:25:20', '2018-12-18 11:25:20', 0),
(463, 29, 'Chi tiet Nhíp', '2018-12-18 11:25:20', '2018-12-18 11:25:20', 0),
(464, 29, 'Chi tiet Nhíp', '2018-12-18 11:25:20', '2018-12-18 11:25:20', 0),
(465, 29, 'Chi tiet Nhíp', '2018-12-18 11:25:20', '2018-12-30 10:18:11', 1),
(466, 29, 'Chi tiet Nhíp', '2018-12-18 11:25:20', '2018-12-18 11:25:20', 0),
(467, 29, 'Chi tiet Nhíp', '2018-12-18 11:25:20', '2018-12-18 11:25:20', 0),
(468, 29, 'Chi tiet Nhíp', '2018-12-18 11:25:21', '2018-12-30 10:23:49', 1),
(469, 29, 'Chi tiet Nhíp', '2018-12-18 11:25:21', '2018-12-18 11:25:21', 0),
(470, 29, 'Chi tiet Nhíp', '2018-12-18 11:25:21', '2018-12-18 11:25:21', 0),
(471, 29, 'Chi tiet Nhíp', '2018-12-18 11:25:21', '2018-12-18 11:25:21', 0),
(472, 29, 'Chi tiet Nhíp', '2018-12-18 11:25:21', '2018-12-18 11:25:21', 0),
(473, 29, 'Chi tiet Nhíp', '2018-12-18 11:25:21', '2018-12-18 11:25:21', 0),
(474, 29, 'Chi tiet Nhíp', '2018-12-18 11:25:21', '2018-12-18 11:25:21', 0),
(475, 29, 'Chi tiet Nhíp', '2018-12-18 11:25:21', '2018-12-18 11:25:21', 0),
(476, 29, 'Chi tiet Nhíp', '2018-12-18 11:25:21', '2018-12-18 11:25:21', 0),
(477, 29, 'Chi tiet Nhíp', '2018-12-18 11:25:21', '2018-12-18 11:25:21', 0),
(478, 29, 'Chi tiet Nhíp', '2018-12-18 11:25:21', '2018-12-18 11:25:21', 0),
(479, 29, 'Chi tiet Nhíp', '2018-12-18 11:25:21', '2018-12-18 11:25:21', 0),
(480, 29, 'Chi tiet Nhíp', '2018-12-18 11:25:21', '2018-12-18 11:25:21', 0),
(481, 29, 'Chi tiet Nhíp', '2018-12-18 11:25:21', '2018-12-18 11:25:21', 0),
(482, 29, 'Chi tiet Nhíp', '2018-12-18 11:25:21', '2018-12-18 11:25:21', 0),
(483, 29, 'Chi tiet Nhíp', '2018-12-18 11:25:21', '2018-12-18 11:25:21', 0),
(484, 29, 'Chi tiet Nhíp', '2018-12-18 11:25:21', '2018-12-18 11:25:21', 0),
(485, 29, 'Chi tiet Nhíp', '2018-12-18 11:25:22', '2018-12-18 11:25:22', 0),
(486, 29, 'Chi tiet Nhíp', '2018-12-18 11:25:22', '2018-12-18 11:25:22', 0),
(487, 29, 'Chi tiet Nhíp', '2018-12-18 11:25:22', '2018-12-18 11:25:22', 0),
(488, 29, 'Chi tiet Nhíp', '2018-12-18 11:25:22', '2018-12-18 11:25:22', 0),
(489, 29, 'Chi tiet Nhíp', '2018-12-18 11:25:22', '2018-12-18 11:25:22', 0),
(490, 29, 'Chi tiet Nhíp', '2018-12-18 11:25:22', '2018-12-18 11:25:22', 0),
(491, 29, 'Chi tiet Nhíp', '2018-12-18 11:25:22', '2018-12-18 11:25:22', 0),
(492, 29, 'Chi tiet Nhíp', '2018-12-18 11:25:22', '2018-12-18 11:25:22', 0),
(493, 29, 'Chi tiet Nhíp', '2018-12-18 11:25:22', '2018-12-18 11:25:22', 0),
(494, 29, 'Chi tiet Nhíp', '2018-12-18 11:25:22', '2018-12-18 11:25:22', 0),
(495, 29, 'Chi tiet Nhíp', '2018-12-18 11:25:23', '2018-12-18 11:25:23', 0),
(496, 29, 'Chi tiet Nhíp', '2018-12-18 11:25:23', '2018-12-18 11:25:23', 0),
(497, 29, 'Chi tiet Nhíp', '2018-12-18 11:25:23', '2018-12-18 11:25:23', 0),
(498, 29, 'Chi tiet Nhíp', '2018-12-18 11:25:23', '2018-12-18 11:25:23', 0),
(499, 29, 'Chi tiet Nhíp', '2018-12-18 11:25:23', '2018-12-18 11:25:23', 0),
(500, 29, 'Chi tiet Nhíp', '2018-12-18 11:25:23', '2018-12-18 11:25:23', 0),
(501, 29, 'Chi tiet Nhíp', '2018-12-18 11:25:23', '2018-12-18 11:25:23', 0),
(502, 29, 'Chi tiet Nhíp', '2018-12-18 11:25:24', '2018-12-18 11:25:24', 0),
(503, 29, 'Chi tiet Nhíp', '2018-12-18 11:25:24', '2018-12-18 11:25:24', 0),
(504, 29, 'Chi tiet Nhíp', '2018-12-18 11:25:24', '2018-12-18 11:25:24', 0),
(505, 29, 'Chi tiet Nhíp', '2018-12-18 11:25:24', '2018-12-18 11:25:24', 0),
(506, 29, 'Chi tiet Nhíp', '2018-12-18 11:25:25', '2018-12-18 11:25:25', 0),
(507, 29, 'Chi tiet Nhíp', '2018-12-18 11:25:25', '2018-12-18 11:25:25', 0),
(508, 29, 'Chi tiet Nhíp', '2018-12-18 11:25:25', '2018-12-18 11:25:25', 0),
(509, 29, 'Chi tiet Nhíp', '2018-12-18 11:25:26', '2018-12-18 11:25:26', 0),
(510, 29, 'Chi tiet Nhíp', '2018-12-18 11:25:26', '2018-12-18 11:25:26', 0),
(511, 29, 'Chi tiet Nhíp', '2018-12-18 11:25:27', '2018-12-18 11:25:27', 0),
(512, 29, 'Chi tiet Nhíp', '2018-12-18 11:25:27', '2018-12-18 11:25:27', 0),
(513, 29, 'Chi tiet Nhíp', '2018-12-18 11:25:27', '2018-12-18 11:25:27', 0),
(514, 29, 'Chi tiet Nhíp', '2018-12-18 11:25:27', '2018-12-18 11:25:27', 0),
(515, 29, 'Chi tiet Nhíp', '2018-12-18 11:25:27', '2018-12-18 11:25:27', 0),
(516, 29, 'Chi tiet Nhíp', '2018-12-18 11:25:28', '2018-12-18 11:25:28', 0),
(517, 29, 'Chi tiet Nhíp', '2018-12-18 11:25:28', '2018-12-18 11:25:28', 0),
(518, 29, 'Chi tiet Nhíp', '2018-12-18 11:25:28', '2018-12-18 11:25:28', 0),
(519, 29, 'Chi tiet Nhíp', '2018-12-18 11:25:28', '2018-12-18 11:25:28', 0),
(520, 29, 'Chi tiet Nhíp', '2018-12-18 11:25:28', '2018-12-18 11:25:28', 0),
(521, 29, 'Chi tiet Nhíp', '2018-12-18 11:25:28', '2018-12-18 11:25:28', 0),
(522, 29, 'Chi tiet Nhíp', '2018-12-18 11:25:28', '2018-12-18 11:25:28', 0),
(523, 29, 'Chi tiet Nhíp', '2018-12-18 11:25:28', '2018-12-18 11:25:28', 0),
(524, 29, 'Chi tiet Nhíp', '2018-12-18 11:25:29', '2018-12-18 11:25:29', 0),
(525, 29, 'Chi tiet Nhíp', '2018-12-18 11:25:29', '2018-12-18 11:25:29', 0),
(526, 29, 'Chi tiet Nhíp', '2018-12-18 11:25:29', '2018-12-18 11:25:29', 0),
(527, 29, 'Chi tiet Nhíp', '2018-12-18 11:25:29', '2018-12-18 11:25:29', 0),
(528, 29, 'Chi tiet Nhíp', '2018-12-18 11:25:30', '2018-12-18 11:25:30', 0),
(529, 29, 'Chi tiet Nhíp', '2018-12-18 11:25:30', '2018-12-18 11:25:30', 0),
(530, 29, 'Chi tiet Nhíp', '2018-12-18 11:25:30', '2018-12-18 11:25:30', 0),
(531, 29, 'Chi tiet Nhíp', '2018-12-18 11:25:30', '2018-12-18 11:25:30', 0),
(532, 29, 'Chi tiet Nhíp', '2018-12-18 11:25:30', '2018-12-18 11:25:30', 0),
(533, 29, 'Chi tiet Nhíp', '2018-12-18 11:25:31', '2018-12-18 11:25:31', 0),
(534, 29, 'Chi tiet Nhíp', '2018-12-18 11:25:31', '2018-12-18 11:25:31', 0),
(535, 29, 'Chi tiet Nhíp', '2018-12-18 11:25:31', '2018-12-18 11:25:31', 0),
(536, 29, 'Chi tiet Nhíp', '2018-12-18 11:25:31', '2018-12-18 11:25:31', 0),
(537, 29, 'Chi tiet Nhíp', '2018-12-18 11:25:31', '2018-12-18 11:25:31', 0),
(538, 29, 'Chi tiet Nhíp', '2018-12-18 11:25:32', '2018-12-18 11:25:32', 0),
(539, 29, 'Chi tiet Nhíp', '2018-12-18 11:25:32', '2018-12-18 11:25:32', 0),
(540, 29, 'Chi tiet Nhíp', '2018-12-18 11:25:32', '2018-12-18 11:25:32', 0),
(541, 29, 'Chi tiet Nhíp', '2018-12-18 11:25:32', '2018-12-18 11:25:32', 0),
(542, 29, 'Chi tiet Nhíp', '2018-12-18 11:25:32', '2018-12-18 11:25:32', 0),
(543, 29, 'Chi tiet Nhíp', '2018-12-18 11:25:32', '2018-12-18 11:25:32', 0),
(544, 29, 'Chi tiet Nhíp', '2018-12-18 11:25:32', '2018-12-18 11:25:32', 0),
(545, 30, 'Chi tiet Mỏ hàn', '2018-12-18 11:25:32', '2018-12-25 10:23:51', 1),
(546, 30, 'Chi tiet Mỏ hàn', '2018-12-18 11:25:32', '2018-12-18 11:25:32', 0),
(547, 30, 'Chi tiet Mỏ hàn', '2018-12-18 11:25:33', '2018-12-18 11:25:33', 0),
(548, 30, 'Chi tiet Mỏ hàn', '2018-12-18 11:25:33', '2018-12-18 11:25:33', 0),
(549, 30, 'Chi tiet Mỏ hàn', '2018-12-18 11:25:33', '2018-12-18 11:25:33', 0),
(550, 30, 'Chi tiet Mỏ hàn', '2018-12-18 11:25:33', '2018-12-18 11:25:33', 0),
(551, 30, 'Chi tiet Mỏ hàn', '2018-12-18 11:25:33', '2018-12-18 11:25:33', 0),
(552, 30, 'Chi tiet Mỏ hàn', '2018-12-18 11:25:33', '2018-12-18 11:25:33', 0),
(553, 30, 'Chi tiet Mỏ hàn', '2018-12-18 11:25:34', '2018-12-18 11:25:34', 0),
(554, 30, 'Chi tiet Mỏ hàn', '2018-12-18 11:25:34', '2018-12-18 11:25:34', 0),
(555, 30, 'Chi tiet Mỏ hàn', '2018-12-18 11:25:34', '2018-12-18 11:25:34', 0),
(556, 30, 'Chi tiet Mỏ hàn', '2018-12-18 11:25:34', '2018-12-18 11:25:34', 0),
(557, 30, 'Chi tiet Mỏ hàn', '2018-12-18 11:25:34', '2018-12-18 11:25:34', 0),
(558, 30, 'Chi tiet Mỏ hàn', '2018-12-18 11:25:34', '2018-12-18 11:25:34', 0),
(559, 30, 'Chi tiet Mỏ hàn', '2018-12-18 11:25:34', '2018-12-18 11:25:34', 0),
(560, 30, 'Chi tiet Mỏ hàn', '2018-12-18 11:25:34', '2018-12-18 11:25:34', 0),
(561, 30, 'Chi tiet Mỏ hàn', '2018-12-18 11:25:35', '2018-12-18 11:25:35', 0),
(562, 30, 'Chi tiet Mỏ hàn', '2018-12-18 11:25:35', '2018-12-18 11:25:35', 0),
(563, 30, 'Chi tiet Mỏ hàn', '2018-12-18 11:25:35', '2018-12-18 11:25:35', 0),
(564, 30, 'Chi tiet Mỏ hàn', '2018-12-18 11:25:35', '2018-12-18 11:25:35', 0),
(565, 30, 'Chi tiet Mỏ hàn', '2018-12-18 11:25:35', '2018-12-18 11:25:35', 0),
(566, 30, 'Chi tiet Mỏ hàn', '2018-12-18 11:25:36', '2018-12-18 11:25:36', 0),
(567, 30, 'Chi tiet Mỏ hàn', '2018-12-18 11:25:36', '2018-12-18 11:25:36', 0),
(568, 30, 'Chi tiet Mỏ hàn', '2018-12-18 11:25:36', '2018-12-18 11:25:36', 0),
(569, 30, 'Chi tiet Mỏ hàn', '2018-12-18 11:25:36', '2018-12-18 11:25:36', 0),
(570, 30, 'Chi tiet Mỏ hàn', '2018-12-18 11:25:36', '2018-12-18 11:25:36', 0),
(571, 30, 'Chi tiet Mỏ hàn', '2018-12-18 11:25:36', '2018-12-18 11:25:36', 0),
(572, 30, 'Chi tiet Mỏ hàn', '2018-12-18 11:25:37', '2018-12-18 11:25:37', 0),
(573, 30, 'Chi tiet Mỏ hàn', '2018-12-18 11:25:37', '2018-12-18 11:25:37', 0),
(574, 30, 'Chi tiet Mỏ hàn', '2018-12-18 11:25:37', '2018-12-18 11:25:37', 0),
(575, 30, 'Chi tiet Mỏ hàn', '2018-12-18 11:25:37', '2018-12-18 11:25:37', 0),
(576, 30, 'Chi tiet Mỏ hàn', '2018-12-18 11:25:37', '2018-12-18 11:25:37', 0),
(577, 30, 'Chi tiet Mỏ hàn', '2018-12-18 11:25:37', '2018-12-18 11:25:37', 0),
(578, 30, 'Chi tiet Mỏ hàn', '2018-12-18 11:25:37', '2018-12-18 11:25:37', 0),
(579, 30, 'Chi tiet Mỏ hàn', '2018-12-18 11:25:37', '2018-12-18 11:25:37', 0),
(580, 30, 'Chi tiet Mỏ hàn', '2018-12-18 11:25:37', '2018-12-18 11:25:37', 0),
(581, 30, 'Chi tiet Mỏ hàn', '2018-12-18 11:25:37', '2018-12-18 11:25:37', 0),
(582, 30, 'Chi tiet Mỏ hàn', '2018-12-18 11:25:38', '2018-12-18 11:25:38', 0),
(583, 30, 'Chi tiet Mỏ hàn', '2018-12-18 11:25:38', '2018-12-18 11:25:38', 0),
(584, 30, 'Chi tiet Mỏ hàn', '2018-12-18 11:25:38', '2018-12-18 11:25:38', 0),
(585, 30, 'Chi tiet Mỏ hàn', '2018-12-18 11:25:38', '2018-12-18 11:25:38', 0),
(586, 30, 'Chi tiet Mỏ hàn', '2018-12-18 11:25:38', '2018-12-18 11:25:38', 0),
(587, 30, 'Chi tiet Mỏ hàn', '2018-12-18 11:25:38', '2018-12-18 11:25:38', 0),
(588, 30, 'Chi tiet Mỏ hàn', '2018-12-18 11:25:38', '2018-12-18 11:25:38', 0),
(589, 30, 'Chi tiet Mỏ hàn', '2018-12-18 11:25:38', '2018-12-18 11:25:38', 0),
(590, 30, 'Chi tiet Mỏ hàn', '2018-12-18 11:25:38', '2018-12-18 11:25:38', 0),
(591, 30, 'Chi tiet Mỏ hàn', '2018-12-18 11:25:38', '2018-12-18 11:25:38', 0),
(592, 30, 'Chi tiet Mỏ hàn', '2018-12-18 11:25:38', '2018-12-18 11:25:38', 0),
(593, 30, 'Chi tiet Mỏ hàn', '2018-12-18 11:25:38', '2018-12-18 11:25:38', 0),
(594, 30, 'Chi tiet Mỏ hàn', '2018-12-18 11:25:38', '2018-12-18 11:25:38', 0),
(595, 30, 'Chi tiet Mỏ hàn', '2018-12-18 11:25:39', '2018-12-18 11:25:39', 0),
(596, 30, 'Chi tiet Mỏ hàn', '2018-12-18 11:25:39', '2018-12-18 11:25:39', 0),
(597, 30, 'Chi tiet Mỏ hàn', '2018-12-18 11:25:39', '2018-12-18 11:25:39', 0),
(598, 30, 'Chi tiet Mỏ hàn', '2018-12-18 11:25:39', '2018-12-18 11:25:39', 0),
(599, 30, 'Chi tiet Mỏ hàn', '2018-12-18 11:25:39', '2018-12-18 11:25:39', 0),
(600, 30, 'Chi tiet Mỏ hàn', '2018-12-18 11:25:39', '2018-12-18 11:25:39', 0),
(601, 30, 'Chi tiet Mỏ hàn', '2018-12-18 11:25:39', '2018-12-18 11:25:39', 0),
(602, 30, 'Chi tiet Mỏ hàn', '2018-12-18 11:25:39', '2018-12-18 11:25:39', 0),
(603, 30, 'Chi tiet Mỏ hàn', '2018-12-18 11:25:39', '2018-12-18 11:25:39', 0),
(604, 30, 'Chi tiet Mỏ hàn', '2018-12-18 11:25:39', '2018-12-18 11:25:39', 0),
(605, 30, 'Chi tiet Mỏ hàn', '2018-12-18 11:25:39', '2018-12-18 11:25:39', 0),
(606, 30, 'Chi tiet Mỏ hàn', '2018-12-18 11:25:39', '2018-12-18 11:25:39', 0),
(607, 30, 'Chi tiet Mỏ hàn', '2018-12-18 11:25:39', '2018-12-18 11:25:39', 0),
(608, 30, 'Chi tiet Mỏ hàn', '2018-12-18 11:25:39', '2018-12-18 11:25:39', 0),
(609, 30, 'Chi tiet Mỏ hàn', '2018-12-18 11:25:39', '2018-12-18 11:25:39', 0),
(610, 30, 'Chi tiet Mỏ hàn', '2018-12-18 11:25:39', '2018-12-18 11:25:39', 0),
(611, 30, 'Chi tiet Mỏ hàn', '2018-12-18 11:25:39', '2018-12-18 11:25:39', 0),
(612, 30, 'Chi tiet Mỏ hàn', '2018-12-18 11:25:39', '2018-12-18 11:25:39', 0),
(613, 30, 'Chi tiet Mỏ hàn', '2018-12-18 11:25:40', '2018-12-18 11:25:40', 0),
(614, 30, 'Chi tiet Mỏ hàn', '2018-12-18 11:25:40', '2018-12-18 11:25:40', 0),
(615, 30, 'Chi tiet Mỏ hàn', '2018-12-18 11:25:40', '2018-12-18 11:25:40', 0),
(616, 30, 'Chi tiet Mỏ hàn', '2018-12-18 11:25:40', '2018-12-18 11:25:40', 0),
(617, 30, 'Chi tiet Mỏ hàn', '2018-12-18 11:25:40', '2018-12-18 11:25:40', 0),
(618, 30, 'Chi tiet Mỏ hàn', '2018-12-18 11:25:40', '2018-12-18 11:25:40', 0),
(619, 30, 'Chi tiet Mỏ hàn', '2018-12-18 11:25:40', '2018-12-18 11:25:40', 0),
(620, 30, 'Chi tiet Mỏ hàn', '2018-12-18 11:25:40', '2018-12-18 11:25:40', 0),
(621, 30, 'Chi tiet Mỏ hàn', '2018-12-18 11:25:40', '2018-12-18 11:25:40', 0),
(622, 30, 'Chi tiet Mỏ hàn', '2018-12-18 11:25:40', '2018-12-18 11:25:40', 0),
(623, 30, 'Chi tiet Mỏ hàn', '2018-12-18 11:25:40', '2018-12-18 11:25:40', 0),
(624, 30, 'Chi tiet Mỏ hàn', '2018-12-18 11:25:41', '2018-12-18 11:25:41', 0),
(625, 30, 'Chi tiet Mỏ hàn', '2018-12-18 11:25:41', '2018-12-18 11:25:41', 0),
(626, 30, 'Chi tiet Mỏ hàn', '2018-12-18 11:25:41', '2018-12-18 11:25:41', 0),
(627, 30, 'Chi tiet Mỏ hàn', '2018-12-18 11:25:41', '2018-12-18 11:25:41', 0),
(628, 30, 'Chi tiet Mỏ hàn', '2018-12-18 11:25:41', '2018-12-18 11:25:41', 0),
(629, 30, 'Chi tiet Mỏ hàn', '2018-12-18 11:25:41', '2018-12-18 11:25:41', 0),
(630, 30, 'Chi tiet Mỏ hàn', '2018-12-18 11:25:41', '2018-12-18 11:25:41', 0),
(631, 30, 'Chi tiet Mỏ hàn', '2018-12-18 11:25:41', '2018-12-18 11:25:41', 0),
(632, 30, 'Chi tiet Mỏ hàn', '2018-12-18 11:25:41', '2018-12-18 11:25:41', 0);
INSERT INTO `item_detail` (`id`, `item_id`, `description`, `created_at`, `updated_at`, `owned`) VALUES
(633, 30, 'Chi tiet Mỏ hàn', '2018-12-18 11:25:41', '2018-12-18 11:25:41', 0),
(634, 30, 'Chi tiet Mỏ hàn', '2018-12-18 11:25:41', '2018-12-18 11:25:41', 0),
(635, 30, 'Chi tiet Mỏ hàn', '2018-12-18 11:25:41', '2018-12-18 11:25:41', 0),
(636, 30, 'Chi tiet Mỏ hàn', '2018-12-18 11:25:41', '2018-12-18 11:25:41', 0),
(637, 30, 'Chi tiet Mỏ hàn', '2018-12-18 11:25:42', '2018-12-18 11:25:42', 0),
(638, 30, 'Chi tiet Mỏ hàn', '2018-12-18 11:25:42', '2018-12-18 11:25:42', 0),
(639, 30, 'Chi tiet Mỏ hàn', '2018-12-18 11:25:42', '2018-12-18 11:25:42', 0),
(640, 30, 'Chi tiet Mỏ hàn', '2018-12-18 11:25:42', '2018-12-18 11:25:42', 0),
(641, 30, 'Chi tiet Mỏ hàn', '2018-12-18 11:25:42', '2018-12-18 11:25:42', 0),
(642, 30, 'Chi tiet Mỏ hàn', '2018-12-18 11:25:42', '2018-12-18 11:25:42', 0),
(643, 30, 'Chi tiet Mỏ hàn', '2018-12-18 11:25:42', '2018-12-18 11:25:42', 0),
(644, 31, 'Chi tiet Máy khò nhiệt', '2018-12-18 11:25:42', '2018-12-25 08:47:20', 1),
(645, 31, 'Chi tiet Máy khò nhiệt', '2018-12-18 11:25:42', '2018-12-25 10:26:25', 1),
(646, 31, 'Chi tiet Máy khò nhiệt', '2018-12-18 11:25:43', '2018-12-25 10:32:18', 1),
(647, 31, 'Chi tiet Máy khò nhiệt', '2018-12-18 11:25:43', '2018-12-18 11:25:43', 0),
(648, 31, 'Chi tiet Máy khò nhiệt', '2018-12-18 11:25:43', '2018-12-18 11:25:43', 0),
(649, 31, 'Chi tiet Máy khò nhiệt', '2018-12-18 11:25:43', '2018-12-18 11:25:43', 0),
(650, 31, 'Chi tiet Máy khò nhiệt', '2018-12-18 11:25:43', '2018-12-18 11:25:43', 0),
(651, 31, 'Chi tiet Máy khò nhiệt', '2018-12-18 11:25:43', '2018-12-18 11:25:43', 0),
(652, 31, 'Chi tiet Máy khò nhiệt', '2018-12-18 11:25:43', '2018-12-18 11:25:43', 0),
(653, 31, 'Chi tiet Máy khò nhiệt', '2018-12-18 11:25:43', '2018-12-18 11:25:43', 0),
(654, 31, 'Chi tiet Máy khò nhiệt', '2018-12-18 11:25:43', '2018-12-18 11:25:43', 0),
(655, 31, 'Chi tiet Máy khò nhiệt', '2018-12-18 11:25:43', '2018-12-18 11:25:43', 0),
(656, 31, 'Chi tiet Máy khò nhiệt', '2018-12-18 11:25:43', '2018-12-18 11:25:43', 0),
(657, 31, 'Chi tiet Máy khò nhiệt', '2018-12-18 11:25:43', '2018-12-18 11:25:43', 0),
(658, 31, 'Chi tiet Máy khò nhiệt', '2018-12-18 11:25:44', '2018-12-18 11:25:44', 0),
(659, 31, 'Chi tiet Máy khò nhiệt', '2018-12-18 11:25:44', '2018-12-18 11:25:44', 0),
(660, 31, 'Chi tiet Máy khò nhiệt', '2018-12-18 11:25:44', '2018-12-18 11:25:44', 0),
(661, 31, 'Chi tiet Máy khò nhiệt', '2018-12-18 11:25:44', '2018-12-18 11:25:44', 0),
(662, 31, 'Chi tiet Máy khò nhiệt', '2018-12-18 11:25:44', '2018-12-18 11:25:44', 0),
(663, 31, 'Chi tiet Máy khò nhiệt', '2018-12-18 11:25:45', '2018-12-18 11:25:45', 0),
(664, 31, 'Chi tiet Máy khò nhiệt', '2018-12-18 11:25:45', '2018-12-18 11:25:45', 0),
(665, 31, 'Chi tiet Máy khò nhiệt', '2018-12-18 11:25:45', '2018-12-18 11:25:45', 0),
(666, 31, 'Chi tiet Máy khò nhiệt', '2018-12-18 11:25:45', '2018-12-18 11:25:45', 0),
(667, 31, 'Chi tiet Máy khò nhiệt', '2018-12-18 11:25:46', '2018-12-18 11:25:46', 0),
(668, 31, 'Chi tiet Máy khò nhiệt', '2018-12-18 11:25:46', '2018-12-18 11:25:46', 0),
(669, 31, 'Chi tiet Máy khò nhiệt', '2018-12-18 11:25:47', '2018-12-18 11:25:47', 0),
(670, 31, 'Chi tiet Máy khò nhiệt', '2018-12-18 11:25:47', '2018-12-18 11:25:47', 0),
(671, 31, 'Chi tiet Máy khò nhiệt', '2018-12-18 11:25:47', '2018-12-18 11:25:47', 0),
(672, 31, 'Chi tiet Máy khò nhiệt', '2018-12-18 11:25:47', '2018-12-18 11:25:47', 0),
(673, 31, 'Chi tiet Máy khò nhiệt', '2018-12-18 11:25:48', '2018-12-18 11:25:48', 0),
(674, 31, 'Chi tiet Máy khò nhiệt', '2018-12-18 11:25:48', '2018-12-18 11:25:48', 0),
(675, 31, 'Chi tiet Máy khò nhiệt', '2018-12-18 11:25:48', '2018-12-18 11:25:48', 0),
(676, 31, 'Chi tiet Máy khò nhiệt', '2018-12-18 11:25:48', '2018-12-18 11:25:48', 0),
(677, 31, 'Chi tiet Máy khò nhiệt', '2018-12-18 11:25:49', '2018-12-18 11:25:49', 0),
(678, 31, 'Chi tiet Máy khò nhiệt', '2018-12-18 11:25:49', '2018-12-18 11:25:49', 0),
(679, 31, 'Chi tiet Máy khò nhiệt', '2018-12-18 11:25:49', '2018-12-18 11:25:49', 0),
(680, 31, 'Chi tiet Máy khò nhiệt', '2018-12-18 11:25:49', '2018-12-18 11:25:49', 0),
(681, 31, 'Chi tiet Máy khò nhiệt', '2018-12-18 11:25:49', '2018-12-18 11:25:49', 0),
(682, 31, 'Chi tiet Máy khò nhiệt', '2018-12-18 11:25:49', '2018-12-18 11:25:49', 0),
(683, 31, 'Chi tiet Máy khò nhiệt', '2018-12-18 11:25:49', '2018-12-18 11:25:49', 0),
(684, 31, 'Chi tiet Máy khò nhiệt', '2018-12-18 11:25:49', '2018-12-18 11:25:49', 0),
(685, 31, 'Chi tiet Máy khò nhiệt', '2018-12-18 11:25:49', '2018-12-18 11:25:49', 0),
(686, 31, 'Chi tiet Máy khò nhiệt', '2018-12-18 11:25:49', '2018-12-18 11:25:49', 0),
(687, 31, 'Chi tiet Máy khò nhiệt', '2018-12-18 11:25:49', '2018-12-18 11:25:49', 0),
(688, 31, 'Chi tiet Máy khò nhiệt', '2018-12-18 11:25:49', '2018-12-18 11:25:49', 0),
(689, 31, 'Chi tiet Máy khò nhiệt', '2018-12-18 11:25:49', '2018-12-18 11:25:49', 0),
(690, 31, 'Chi tiet Máy khò nhiệt', '2018-12-18 11:25:49', '2018-12-18 11:25:49', 0),
(691, 31, 'Chi tiet Máy khò nhiệt', '2018-12-18 11:25:49', '2018-12-18 11:25:49', 0),
(692, 31, 'Chi tiet Máy khò nhiệt', '2018-12-18 11:25:49', '2018-12-18 11:25:49', 0),
(693, 31, 'Chi tiet Máy khò nhiệt', '2018-12-18 11:25:50', '2018-12-18 11:25:50', 0),
(694, 31, 'Chi tiet Máy khò nhiệt', '2018-12-18 11:25:50', '2018-12-18 11:25:50', 0),
(695, 31, 'Chi tiet Máy khò nhiệt', '2018-12-18 11:25:50', '2018-12-18 11:25:50', 0),
(696, 31, 'Chi tiet Máy khò nhiệt', '2018-12-18 11:25:50', '2018-12-18 11:25:50', 0),
(697, 31, 'Chi tiet Máy khò nhiệt', '2018-12-18 11:25:50', '2018-12-18 11:25:50', 0),
(698, 31, 'Chi tiet Máy khò nhiệt', '2018-12-18 11:25:50', '2018-12-18 11:25:50', 0),
(699, 31, 'Chi tiet Máy khò nhiệt', '2018-12-18 11:25:50', '2018-12-18 11:25:50', 0),
(700, 31, 'Chi tiet Máy khò nhiệt', '2018-12-18 11:25:50', '2018-12-18 11:25:50', 0),
(701, 31, 'Chi tiet Máy khò nhiệt', '2018-12-18 11:25:50', '2018-12-18 11:25:50', 0),
(702, 31, 'Chi tiet Máy khò nhiệt', '2018-12-18 11:25:50', '2018-12-18 11:25:50', 0),
(703, 31, 'Chi tiet Máy khò nhiệt', '2018-12-18 11:25:50', '2018-12-18 11:25:50', 0),
(704, 31, 'Chi tiet Máy khò nhiệt', '2018-12-18 11:25:50', '2018-12-18 11:25:50', 0),
(705, 31, 'Chi tiet Máy khò nhiệt', '2018-12-18 11:25:50', '2018-12-18 11:25:50', 0),
(706, 31, 'Chi tiet Máy khò nhiệt', '2018-12-18 11:25:50', '2018-12-18 11:25:50', 0),
(707, 31, 'Chi tiet Máy khò nhiệt', '2018-12-18 11:25:50', '2018-12-18 11:25:50', 0),
(708, 31, 'Chi tiet Máy khò nhiệt', '2018-12-18 11:25:50', '2018-12-18 11:25:50', 0),
(709, 31, 'Chi tiet Máy khò nhiệt', '2018-12-18 11:25:51', '2018-12-18 11:25:51', 0),
(710, 31, 'Chi tiet Máy khò nhiệt', '2018-12-18 11:25:51', '2018-12-18 11:25:51', 0),
(711, 31, 'Chi tiet Máy khò nhiệt', '2018-12-18 11:25:51', '2018-12-18 11:25:51', 0),
(712, 31, 'Chi tiet Máy khò nhiệt', '2018-12-18 11:25:51', '2018-12-18 11:25:51', 0),
(713, 31, 'Chi tiet Máy khò nhiệt', '2018-12-18 11:25:51', '2018-12-18 11:25:51', 0),
(714, 31, 'Chi tiet Máy khò nhiệt', '2018-12-18 11:25:51', '2018-12-18 11:25:51', 0),
(715, 31, 'Chi tiet Máy khò nhiệt', '2018-12-18 11:25:51', '2018-12-18 11:25:51', 0),
(716, 31, 'Chi tiet Máy khò nhiệt', '2018-12-18 11:25:51', '2018-12-18 11:25:51', 0),
(717, 31, 'Chi tiet Máy khò nhiệt', '2018-12-18 11:25:52', '2018-12-18 11:25:52', 0),
(718, 31, 'Chi tiet Máy khò nhiệt', '2018-12-18 11:25:52', '2018-12-18 11:25:52', 0),
(719, 31, 'Chi tiet Máy khò nhiệt', '2018-12-18 11:25:52', '2018-12-18 11:25:52', 0),
(720, 31, 'Chi tiet Máy khò nhiệt', '2018-12-18 11:25:52', '2018-12-18 11:25:52', 0),
(721, 31, 'Chi tiet Máy khò nhiệt', '2018-12-18 11:25:52', '2018-12-18 11:25:52', 0),
(722, 31, 'Chi tiet Máy khò nhiệt', '2018-12-18 11:25:52', '2018-12-18 11:25:52', 0),
(723, 31, 'Chi tiet Máy khò nhiệt', '2018-12-18 11:25:52', '2018-12-18 11:25:52', 0),
(724, 31, 'Chi tiet Máy khò nhiệt', '2018-12-18 11:25:52', '2018-12-18 11:25:52', 0),
(725, 31, 'Chi tiet Máy khò nhiệt', '2018-12-18 11:25:52', '2018-12-18 11:25:52', 0),
(726, 31, 'Chi tiet Máy khò nhiệt', '2018-12-18 11:25:53', '2018-12-18 11:25:53', 0),
(727, 31, 'Chi tiet Máy khò nhiệt', '2018-12-18 11:25:53', '2018-12-18 11:25:53', 0),
(728, 31, 'Chi tiet Máy khò nhiệt', '2018-12-18 11:25:53', '2018-12-18 11:25:53', 0),
(729, 31, 'Chi tiet Máy khò nhiệt', '2018-12-18 11:25:53', '2018-12-18 11:25:53', 0),
(730, 31, 'Chi tiet Máy khò nhiệt', '2018-12-18 11:25:53', '2018-12-18 11:25:53', 0),
(731, 31, 'Chi tiet Máy khò nhiệt', '2018-12-18 11:25:53', '2018-12-18 11:25:53', 0),
(732, 31, 'Chi tiet Máy khò nhiệt', '2018-12-18 11:25:53', '2018-12-18 11:25:53', 0),
(733, 31, 'Chi tiet Máy khò nhiệt', '2018-12-18 11:25:53', '2018-12-18 11:25:53', 0),
(734, 31, 'Chi tiet Máy khò nhiệt', '2018-12-18 11:25:54', '2018-12-18 11:25:54', 0),
(735, 31, 'Chi tiet Máy khò nhiệt', '2018-12-18 11:25:54', '2018-12-18 11:25:54', 0),
(736, 31, 'Chi tiet Máy khò nhiệt', '2018-12-18 11:25:54', '2018-12-18 11:25:54', 0),
(737, 31, 'Chi tiet Máy khò nhiệt', '2018-12-18 11:25:54', '2018-12-18 11:25:54', 0),
(738, 31, 'Chi tiet Máy khò nhiệt', '2018-12-18 11:25:54', '2018-12-18 11:25:54', 0),
(739, 31, 'Chi tiet Máy khò nhiệt', '2018-12-18 11:25:54', '2018-12-18 11:25:54', 0),
(740, 31, 'Chi tiet Máy khò nhiệt', '2018-12-18 11:25:54', '2018-12-18 11:25:54', 0),
(741, 31, 'Chi tiet Máy khò nhiệt', '2018-12-18 11:25:55', '2018-12-18 11:25:55', 0),
(742, 31, 'Chi tiet Máy khò nhiệt', '2018-12-18 11:25:55', '2018-12-18 11:25:55', 0),
(743, 32, 'Chi tiet Giá đỡ vỉ máy', '2018-12-18 11:25:55', '2018-12-18 11:25:55', 0),
(744, 32, 'Chi tiet Giá đỡ vỉ máy', '2018-12-18 11:25:55', '2018-12-18 11:25:55', 0),
(745, 32, 'Chi tiet Giá đỡ vỉ máy', '2018-12-18 11:25:56', '2018-12-18 11:25:56', 0),
(746, 32, 'Chi tiet Giá đỡ vỉ máy', '2018-12-18 11:25:56', '2018-12-18 11:25:56', 0),
(747, 32, 'Chi tiet Giá đỡ vỉ máy', '2018-12-18 11:25:57', '2018-12-18 11:25:57', 0),
(748, 32, 'Chi tiet Giá đỡ vỉ máy', '2018-12-18 11:25:58', '2018-12-18 11:25:58', 0),
(749, 32, 'Chi tiet Giá đỡ vỉ máy', '2018-12-18 11:25:58', '2018-12-18 11:25:58', 0),
(750, 32, 'Chi tiet Giá đỡ vỉ máy', '2018-12-18 11:25:58', '2018-12-18 11:25:58', 0),
(751, 32, 'Chi tiet Giá đỡ vỉ máy', '2018-12-18 11:25:58', '2018-12-18 11:25:58', 0),
(752, 32, 'Chi tiet Giá đỡ vỉ máy', '2018-12-18 11:25:58', '2018-12-18 11:25:58', 0),
(753, 32, 'Chi tiet Giá đỡ vỉ máy', '2018-12-18 11:25:58', '2018-12-18 11:25:58', 0),
(754, 32, 'Chi tiet Giá đỡ vỉ máy', '2018-12-18 11:25:58', '2018-12-18 11:25:58', 0),
(755, 32, 'Chi tiet Giá đỡ vỉ máy', '2018-12-18 11:25:58', '2018-12-18 11:25:58', 0),
(756, 32, 'Chi tiet Giá đỡ vỉ máy', '2018-12-18 11:25:58', '2018-12-18 11:25:58', 0),
(757, 32, 'Chi tiet Giá đỡ vỉ máy', '2018-12-18 11:25:59', '2018-12-18 11:25:59', 0),
(758, 32, 'Chi tiet Giá đỡ vỉ máy', '2018-12-18 11:25:59', '2018-12-18 11:25:59', 0),
(759, 32, 'Chi tiet Giá đỡ vỉ máy', '2018-12-18 11:25:59', '2018-12-18 11:25:59', 0),
(760, 32, 'Chi tiet Giá đỡ vỉ máy', '2018-12-18 11:25:59', '2018-12-18 11:25:59', 0),
(761, 32, 'Chi tiet Giá đỡ vỉ máy', '2018-12-18 11:25:59', '2018-12-18 11:25:59', 0),
(762, 32, 'Chi tiet Giá đỡ vỉ máy', '2018-12-18 11:25:59', '2018-12-18 11:25:59', 0),
(763, 32, 'Chi tiet Giá đỡ vỉ máy', '2018-12-18 11:25:59', '2018-12-18 11:25:59', 0),
(764, 32, 'Chi tiet Giá đỡ vỉ máy', '2018-12-18 11:25:59', '2018-12-18 11:25:59', 0),
(765, 32, 'Chi tiet Giá đỡ vỉ máy', '2018-12-18 11:25:59', '2018-12-18 11:25:59', 0),
(766, 32, 'Chi tiet Giá đỡ vỉ máy', '2018-12-18 11:25:59', '2018-12-18 11:25:59', 0),
(767, 32, 'Chi tiet Giá đỡ vỉ máy', '2018-12-18 11:25:59', '2018-12-18 11:25:59', 0),
(768, 32, 'Chi tiet Giá đỡ vỉ máy', '2018-12-18 11:25:59', '2018-12-18 11:25:59', 0),
(769, 32, 'Chi tiet Giá đỡ vỉ máy', '2018-12-18 11:25:59', '2018-12-18 11:25:59', 0),
(770, 32, 'Chi tiet Giá đỡ vỉ máy', '2018-12-18 11:25:59', '2018-12-18 11:25:59', 0),
(771, 32, 'Chi tiet Giá đỡ vỉ máy', '2018-12-18 11:26:00', '2018-12-18 11:26:00', 0),
(772, 32, 'Chi tiet Giá đỡ vỉ máy', '2018-12-18 11:26:00', '2018-12-18 11:26:00', 0),
(773, 32, 'Chi tiet Giá đỡ vỉ máy', '2018-12-18 11:26:00', '2018-12-18 11:26:00', 0),
(774, 32, 'Chi tiet Giá đỡ vỉ máy', '2018-12-18 11:26:00', '2018-12-18 11:26:00', 0),
(775, 32, 'Chi tiet Giá đỡ vỉ máy', '2018-12-18 11:26:00', '2018-12-18 11:26:00', 0),
(776, 32, 'Chi tiet Giá đỡ vỉ máy', '2018-12-18 11:26:00', '2018-12-18 11:26:00', 0),
(777, 32, 'Chi tiet Giá đỡ vỉ máy', '2018-12-18 11:26:00', '2018-12-18 11:26:00', 0),
(778, 32, 'Chi tiet Giá đỡ vỉ máy', '2018-12-18 11:26:00', '2018-12-18 11:26:00', 0),
(779, 32, 'Chi tiet Giá đỡ vỉ máy', '2018-12-18 11:26:00', '2018-12-18 11:26:00', 0),
(780, 32, 'Chi tiet Giá đỡ vỉ máy', '2018-12-18 11:26:00', '2018-12-18 11:26:00', 0),
(781, 32, 'Chi tiet Giá đỡ vỉ máy', '2018-12-18 11:26:00', '2018-12-18 11:26:00', 0),
(782, 32, 'Chi tiet Giá đỡ vỉ máy', '2018-12-18 11:26:00', '2018-12-18 11:26:00', 0),
(783, 32, 'Chi tiet Giá đỡ vỉ máy', '2018-12-18 11:26:00', '2018-12-18 11:26:00', 0),
(784, 32, 'Chi tiet Giá đỡ vỉ máy', '2018-12-18 11:26:00', '2018-12-18 11:26:00', 0),
(785, 32, 'Chi tiet Giá đỡ vỉ máy', '2018-12-18 11:26:01', '2018-12-18 11:26:01', 0),
(786, 32, 'Chi tiet Giá đỡ vỉ máy', '2018-12-18 11:26:01', '2018-12-18 11:26:01', 0),
(787, 32, 'Chi tiet Giá đỡ vỉ máy', '2018-12-18 11:26:01', '2018-12-18 11:26:01', 0),
(788, 32, 'Chi tiet Giá đỡ vỉ máy', '2018-12-18 11:26:01', '2018-12-18 11:26:01', 0),
(789, 32, 'Chi tiet Giá đỡ vỉ máy', '2018-12-18 11:26:01', '2018-12-18 11:26:01', 0),
(790, 32, 'Chi tiet Giá đỡ vỉ máy', '2018-12-18 11:26:01', '2018-12-18 11:26:01', 0),
(791, 32, 'Chi tiet Giá đỡ vỉ máy', '2018-12-18 11:26:01', '2018-12-18 11:26:01', 0),
(792, 32, 'Chi tiet Giá đỡ vỉ máy', '2018-12-18 11:26:01', '2018-12-18 11:26:01', 0),
(793, 32, 'Chi tiet Giá đỡ vỉ máy', '2018-12-18 11:26:01', '2018-12-18 11:26:01', 0),
(794, 32, 'Chi tiet Giá đỡ vỉ máy', '2018-12-18 11:26:01', '2018-12-18 11:26:01', 0),
(795, 32, 'Chi tiet Giá đỡ vỉ máy', '2018-12-18 11:26:01', '2018-12-18 11:26:01', 0),
(796, 32, 'Chi tiet Giá đỡ vỉ máy', '2018-12-18 11:26:01', '2018-12-18 11:26:01', 0),
(797, 32, 'Chi tiet Giá đỡ vỉ máy', '2018-12-18 11:26:02', '2018-12-18 11:26:02', 0),
(798, 32, 'Chi tiet Giá đỡ vỉ máy', '2018-12-18 11:26:02', '2018-12-18 11:26:02', 0),
(799, 32, 'Chi tiet Giá đỡ vỉ máy', '2018-12-18 11:26:02', '2018-12-18 11:26:02', 0),
(800, 32, 'Chi tiet Giá đỡ vỉ máy', '2018-12-18 11:26:02', '2018-12-18 11:26:02', 0),
(801, 32, 'Chi tiet Giá đỡ vỉ máy', '2018-12-18 11:26:02', '2018-12-18 11:26:02', 0),
(802, 32, 'Chi tiet Giá đỡ vỉ máy', '2018-12-18 11:26:03', '2018-12-18 11:26:03', 0),
(803, 32, 'Chi tiet Giá đỡ vỉ máy', '2018-12-18 11:26:03', '2018-12-18 11:26:03', 0),
(804, 32, 'Chi tiet Giá đỡ vỉ máy', '2018-12-18 11:26:03', '2018-12-18 11:26:03', 0),
(805, 32, 'Chi tiet Giá đỡ vỉ máy', '2018-12-18 11:26:03', '2018-12-18 11:26:03', 0),
(806, 32, 'Chi tiet Giá đỡ vỉ máy', '2018-12-18 11:26:03', '2018-12-18 11:26:03', 0),
(807, 32, 'Chi tiet Giá đỡ vỉ máy', '2018-12-18 11:26:03', '2018-12-18 11:26:03', 0),
(808, 32, 'Chi tiet Giá đỡ vỉ máy', '2018-12-18 11:26:03', '2018-12-18 11:26:03', 0),
(809, 32, 'Chi tiet Giá đỡ vỉ máy', '2018-12-18 11:26:03', '2018-12-18 11:26:03', 0),
(810, 32, 'Chi tiet Giá đỡ vỉ máy', '2018-12-18 11:26:03', '2018-12-18 11:26:03', 0),
(811, 32, 'Chi tiet Giá đỡ vỉ máy', '2018-12-18 11:26:03', '2018-12-18 11:26:03', 0),
(812, 32, 'Chi tiet Giá đỡ vỉ máy', '2018-12-18 11:26:03', '2018-12-18 11:26:03', 0),
(813, 32, 'Chi tiet Giá đỡ vỉ máy', '2018-12-18 11:26:03', '2018-12-18 11:26:03', 0),
(814, 32, 'Chi tiet Giá đỡ vỉ máy', '2018-12-18 11:26:04', '2018-12-18 11:26:04', 0),
(815, 32, 'Chi tiet Giá đỡ vỉ máy', '2018-12-18 11:26:04', '2018-12-18 11:26:04', 0),
(816, 32, 'Chi tiet Giá đỡ vỉ máy', '2018-12-18 11:26:04', '2018-12-18 11:26:04', 0),
(817, 32, 'Chi tiet Giá đỡ vỉ máy', '2018-12-18 11:26:04', '2018-12-18 11:26:04', 0),
(818, 32, 'Chi tiet Giá đỡ vỉ máy', '2018-12-18 11:26:04', '2018-12-18 11:26:04', 0),
(819, 32, 'Chi tiet Giá đỡ vỉ máy', '2018-12-18 11:26:05', '2018-12-18 11:26:05', 0),
(820, 32, 'Chi tiet Giá đỡ vỉ máy', '2018-12-18 11:26:05', '2018-12-18 11:26:05', 0),
(821, 32, 'Chi tiet Giá đỡ vỉ máy', '2018-12-18 11:26:05', '2018-12-18 11:26:05', 0),
(822, 32, 'Chi tiet Giá đỡ vỉ máy', '2018-12-18 11:26:05', '2018-12-18 11:26:05', 0),
(823, 32, 'Chi tiet Giá đỡ vỉ máy', '2018-12-18 11:26:05', '2018-12-18 11:26:05', 0),
(824, 32, 'Chi tiet Giá đỡ vỉ máy', '2018-12-18 11:26:06', '2018-12-18 11:26:06', 0),
(825, 32, 'Chi tiet Giá đỡ vỉ máy', '2018-12-18 11:26:06', '2018-12-18 11:26:06', 0),
(826, 32, 'Chi tiet Giá đỡ vỉ máy', '2018-12-18 11:26:06', '2018-12-18 11:26:06', 0),
(827, 32, 'Chi tiet Giá đỡ vỉ máy', '2018-12-18 11:26:06', '2018-12-18 11:26:06', 0),
(828, 32, 'Chi tiet Giá đỡ vỉ máy', '2018-12-18 11:26:07', '2018-12-18 11:26:07', 0),
(829, 32, 'Chi tiet Giá đỡ vỉ máy', '2018-12-18 11:26:07', '2018-12-18 11:26:07', 0),
(830, 32, 'Chi tiet Giá đỡ vỉ máy', '2018-12-18 11:26:07', '2018-12-18 11:26:07', 0),
(831, 32, 'Chi tiet Giá đỡ vỉ máy', '2018-12-18 11:26:07', '2018-12-18 11:26:07', 0),
(832, 32, 'Chi tiet Giá đỡ vỉ máy', '2018-12-18 11:26:07', '2018-12-18 11:26:07', 0),
(833, 32, 'Chi tiet Giá đỡ vỉ máy', '2018-12-18 11:26:07', '2018-12-18 11:26:07', 0),
(834, 32, 'Chi tiet Giá đỡ vỉ máy', '2018-12-18 11:26:07', '2018-12-18 11:26:07', 0),
(835, 32, 'Chi tiet Giá đỡ vỉ máy', '2018-12-18 11:26:07', '2018-12-18 11:26:07', 0),
(836, 32, 'Chi tiet Giá đỡ vỉ máy', '2018-12-18 11:26:07', '2018-12-18 11:26:07', 0),
(837, 32, 'Chi tiet Giá đỡ vỉ máy', '2018-12-18 11:26:07', '2018-12-18 11:26:07', 0),
(838, 32, 'Chi tiet Giá đỡ vỉ máy', '2018-12-18 11:26:07', '2018-12-18 11:26:07', 0),
(839, 32, 'Chi tiet Giá đỡ vỉ máy', '2018-12-18 11:26:07', '2018-12-18 11:26:07', 0),
(840, 32, 'Chi tiet Giá đỡ vỉ máy', '2018-12-18 11:26:07', '2018-12-18 11:26:07', 0),
(841, 32, 'Chi tiet Giá đỡ vỉ máy', '2018-12-18 11:26:07', '2018-12-18 11:26:07', 0),
(842, 33, 'Chi tiet Đồng hồ đo điện tử', '2018-12-18 11:26:07', '2018-12-25 10:32:41', 1),
(843, 33, 'Chi tiet Đồng hồ đo điện tử', '2018-12-18 11:26:07', '2018-12-25 10:34:10', 1),
(844, 33, 'Chi tiet Đồng hồ đo điện tử', '2018-12-18 11:26:07', '2018-12-18 11:26:07', 0),
(845, 33, 'Chi tiet Đồng hồ đo điện tử', '2018-12-18 11:26:07', '2018-12-18 11:26:07', 0),
(846, 33, 'Chi tiet Đồng hồ đo điện tử', '2018-12-18 11:26:07', '2018-12-18 11:26:07', 0),
(847, 33, 'Chi tiet Đồng hồ đo điện tử', '2018-12-18 11:26:08', '2018-12-18 11:26:08', 0),
(848, 33, 'Chi tiet Đồng hồ đo điện tử', '2018-12-18 11:26:08', '2018-12-18 11:26:08', 0),
(849, 33, 'Chi tiet Đồng hồ đo điện tử', '2018-12-18 11:26:08', '2018-12-18 11:26:08', 0),
(850, 33, 'Chi tiet Đồng hồ đo điện tử', '2018-12-18 11:26:08', '2018-12-18 11:26:08', 0),
(851, 33, 'Chi tiet Đồng hồ đo điện tử', '2018-12-18 11:26:08', '2018-12-18 11:26:08', 0),
(852, 33, 'Chi tiet Đồng hồ đo điện tử', '2018-12-18 11:26:08', '2018-12-18 11:26:08', 0),
(853, 33, 'Chi tiet Đồng hồ đo điện tử', '2018-12-18 11:26:08', '2018-12-18 11:26:08', 0),
(854, 33, 'Chi tiet Đồng hồ đo điện tử', '2018-12-18 11:26:08', '2018-12-18 11:26:08', 0),
(855, 33, 'Chi tiet Đồng hồ đo điện tử', '2018-12-18 11:26:08', '2018-12-18 11:26:08', 0),
(856, 33, 'Chi tiet Đồng hồ đo điện tử', '2018-12-18 11:26:08', '2018-12-18 11:26:08', 0),
(857, 33, 'Chi tiet Đồng hồ đo điện tử', '2018-12-18 11:26:08', '2018-12-18 11:26:08', 0),
(858, 33, 'Chi tiet Đồng hồ đo điện tử', '2018-12-18 11:26:08', '2018-12-18 11:26:08', 0),
(859, 33, 'Chi tiet Đồng hồ đo điện tử', '2018-12-18 11:26:08', '2018-12-18 11:26:08', 0),
(860, 33, 'Chi tiet Đồng hồ đo điện tử', '2018-12-18 11:26:09', '2018-12-18 11:26:09', 0),
(861, 33, 'Chi tiet Đồng hồ đo điện tử', '2018-12-18 11:26:09', '2018-12-18 11:26:09', 0),
(862, 33, 'Chi tiet Đồng hồ đo điện tử', '2018-12-18 11:26:09', '2018-12-18 11:26:09', 0),
(863, 33, 'Chi tiet Đồng hồ đo điện tử', '2018-12-18 11:26:09', '2018-12-18 11:26:09', 0),
(864, 33, 'Chi tiet Đồng hồ đo điện tử', '2018-12-18 11:26:09', '2018-12-18 11:26:09', 0),
(865, 33, 'Chi tiet Đồng hồ đo điện tử', '2018-12-18 11:26:09', '2018-12-18 11:26:09', 0),
(866, 33, 'Chi tiet Đồng hồ đo điện tử', '2018-12-18 11:26:09', '2018-12-18 11:26:09', 0),
(867, 33, 'Chi tiet Đồng hồ đo điện tử', '2018-12-18 11:26:09', '2018-12-18 11:26:09', 0),
(868, 33, 'Chi tiet Đồng hồ đo điện tử', '2018-12-18 11:26:09', '2018-12-18 11:26:09', 0),
(869, 33, 'Chi tiet Đồng hồ đo điện tử', '2018-12-18 11:26:10', '2018-12-18 11:26:10', 0),
(870, 33, 'Chi tiet Đồng hồ đo điện tử', '2018-12-18 11:26:10', '2018-12-18 11:26:10', 0),
(871, 33, 'Chi tiet Đồng hồ đo điện tử', '2018-12-18 11:26:10', '2018-12-18 11:26:10', 0),
(872, 33, 'Chi tiet Đồng hồ đo điện tử', '2018-12-18 11:26:10', '2018-12-18 11:26:10', 0),
(873, 33, 'Chi tiet Đồng hồ đo điện tử', '2018-12-18 11:26:10', '2018-12-18 11:26:10', 0),
(874, 33, 'Chi tiet Đồng hồ đo điện tử', '2018-12-18 11:26:11', '2018-12-18 11:26:11', 0),
(875, 33, 'Chi tiet Đồng hồ đo điện tử', '2018-12-18 11:26:11', '2018-12-18 11:26:11', 0),
(876, 33, 'Chi tiet Đồng hồ đo điện tử', '2018-12-18 11:26:11', '2018-12-18 11:26:11', 0),
(877, 33, 'Chi tiet Đồng hồ đo điện tử', '2018-12-18 11:26:11', '2018-12-18 11:26:11', 0),
(878, 33, 'Chi tiet Đồng hồ đo điện tử', '2018-12-18 11:26:11', '2018-12-18 11:26:11', 0),
(879, 33, 'Chi tiet Đồng hồ đo điện tử', '2018-12-18 11:26:11', '2018-12-18 11:26:11', 0),
(880, 33, 'Chi tiet Đồng hồ đo điện tử', '2018-12-18 11:26:12', '2018-12-18 11:26:12', 0),
(881, 33, 'Chi tiet Đồng hồ đo điện tử', '2018-12-18 11:26:12', '2018-12-18 11:26:12', 0),
(882, 33, 'Chi tiet Đồng hồ đo điện tử', '2018-12-18 11:26:12', '2018-12-18 11:26:12', 0),
(883, 33, 'Chi tiet Đồng hồ đo điện tử', '2018-12-18 11:26:12', '2018-12-18 11:26:12', 0),
(884, 33, 'Chi tiet Đồng hồ đo điện tử', '2018-12-18 11:26:12', '2018-12-18 11:26:12', 0),
(885, 33, 'Chi tiet Đồng hồ đo điện tử', '2018-12-18 11:26:12', '2018-12-18 11:26:12', 0),
(886, 33, 'Chi tiet Đồng hồ đo điện tử', '2018-12-18 11:26:13', '2018-12-18 11:26:13', 0),
(887, 33, 'Chi tiet Đồng hồ đo điện tử', '2018-12-18 11:26:13', '2018-12-18 11:26:13', 0),
(888, 33, 'Chi tiet Đồng hồ đo điện tử', '2018-12-18 11:26:13', '2018-12-18 11:26:13', 0),
(889, 33, 'Chi tiet Đồng hồ đo điện tử', '2018-12-18 11:26:13', '2018-12-18 11:26:13', 0),
(890, 33, 'Chi tiet Đồng hồ đo điện tử', '2018-12-18 11:26:13', '2018-12-18 11:26:13', 0),
(891, 33, 'Chi tiet Đồng hồ đo điện tử', '2018-12-18 11:26:13', '2018-12-18 11:26:13', 0),
(892, 33, 'Chi tiet Đồng hồ đo điện tử', '2018-12-18 11:26:13', '2018-12-18 11:26:13', 0),
(893, 33, 'Chi tiet Đồng hồ đo điện tử', '2018-12-18 11:26:13', '2018-12-18 11:26:13', 0),
(894, 33, 'Chi tiet Đồng hồ đo điện tử', '2018-12-18 11:26:13', '2018-12-18 11:26:13', 0),
(895, 33, 'Chi tiet Đồng hồ đo điện tử', '2018-12-18 11:26:13', '2018-12-18 11:26:13', 0),
(896, 33, 'Chi tiet Đồng hồ đo điện tử', '2018-12-18 11:26:13', '2018-12-18 11:26:13', 0),
(897, 33, 'Chi tiet Đồng hồ đo điện tử', '2018-12-18 11:26:13', '2018-12-18 11:26:13', 0),
(898, 33, 'Chi tiet Đồng hồ đo điện tử', '2018-12-18 11:26:14', '2018-12-18 11:26:14', 0),
(899, 33, 'Chi tiet Đồng hồ đo điện tử', '2018-12-18 11:26:14', '2018-12-18 11:26:14', 0),
(900, 33, 'Chi tiet Đồng hồ đo điện tử', '2018-12-18 11:26:14', '2018-12-18 11:26:14', 0),
(901, 33, 'Chi tiet Đồng hồ đo điện tử', '2018-12-18 11:26:14', '2018-12-18 11:26:14', 0),
(902, 33, 'Chi tiet Đồng hồ đo điện tử', '2018-12-18 11:26:14', '2018-12-18 11:26:14', 0),
(903, 33, 'Chi tiet Đồng hồ đo điện tử', '2018-12-18 11:26:15', '2018-12-18 11:26:15', 0),
(904, 33, 'Chi tiet Đồng hồ đo điện tử', '2018-12-18 11:26:15', '2018-12-18 11:26:15', 0),
(905, 33, 'Chi tiet Đồng hồ đo điện tử', '2018-12-18 11:26:15', '2018-12-18 11:26:15', 0),
(906, 33, 'Chi tiet Đồng hồ đo điện tử', '2018-12-18 11:26:15', '2018-12-18 11:26:15', 0),
(907, 33, 'Chi tiet Đồng hồ đo điện tử', '2018-12-18 11:26:16', '2018-12-18 11:26:16', 0),
(908, 33, 'Chi tiet Đồng hồ đo điện tử', '2018-12-18 11:26:16', '2018-12-18 11:26:16', 0),
(909, 33, 'Chi tiet Đồng hồ đo điện tử', '2018-12-18 11:26:16', '2018-12-18 11:26:16', 0),
(910, 33, 'Chi tiet Đồng hồ đo điện tử', '2018-12-18 11:26:16', '2018-12-18 11:26:16', 0),
(911, 33, 'Chi tiet Đồng hồ đo điện tử', '2018-12-18 11:26:16', '2018-12-18 11:26:16', 0),
(912, 33, 'Chi tiet Đồng hồ đo điện tử', '2018-12-18 11:26:16', '2018-12-18 11:26:16', 0),
(913, 33, 'Chi tiet Đồng hồ đo điện tử', '2018-12-18 11:26:16', '2018-12-18 11:26:16', 0),
(914, 33, 'Chi tiet Đồng hồ đo điện tử', '2018-12-18 11:26:16', '2018-12-18 11:26:16', 0),
(915, 33, 'Chi tiet Đồng hồ đo điện tử', '2018-12-18 11:26:16', '2018-12-18 11:26:16', 0),
(916, 33, 'Chi tiet Đồng hồ đo điện tử', '2018-12-18 11:26:17', '2018-12-18 11:26:17', 0),
(917, 33, 'Chi tiet Đồng hồ đo điện tử', '2018-12-18 11:26:17', '2018-12-18 11:26:17', 0),
(918, 33, 'Chi tiet Đồng hồ đo điện tử', '2018-12-18 11:26:17', '2018-12-18 11:26:17', 0),
(919, 33, 'Chi tiet Đồng hồ đo điện tử', '2018-12-18 11:26:17', '2018-12-18 11:26:17', 0),
(920, 33, 'Chi tiet Đồng hồ đo điện tử', '2018-12-18 11:26:17', '2018-12-18 11:26:17', 0),
(921, 33, 'Chi tiet Đồng hồ đo điện tử', '2018-12-18 11:26:17', '2018-12-18 11:26:17', 0),
(922, 33, 'Chi tiet Đồng hồ đo điện tử', '2018-12-18 11:26:17', '2018-12-18 11:26:17', 0),
(923, 33, 'Chi tiet Đồng hồ đo điện tử', '2018-12-18 11:26:17', '2018-12-18 11:26:17', 0),
(924, 33, 'Chi tiet Đồng hồ đo điện tử', '2018-12-18 11:26:17', '2018-12-18 11:26:17', 0),
(925, 33, 'Chi tiet Đồng hồ đo điện tử', '2018-12-18 11:26:17', '2018-12-18 11:26:17', 0),
(926, 33, 'Chi tiet Đồng hồ đo điện tử', '2018-12-18 11:26:17', '2018-12-18 11:26:17', 0),
(927, 33, 'Chi tiet Đồng hồ đo điện tử', '2018-12-18 11:26:17', '2018-12-18 11:26:17', 0),
(928, 33, 'Chi tiet Đồng hồ đo điện tử', '2018-12-18 11:26:17', '2018-12-18 11:26:17', 0),
(929, 33, 'Chi tiet Đồng hồ đo điện tử', '2018-12-18 11:26:17', '2018-12-18 11:26:17', 0),
(930, 33, 'Chi tiet Đồng hồ đo điện tử', '2018-12-18 11:26:17', '2018-12-18 11:26:17', 0),
(931, 33, 'Chi tiet Đồng hồ đo điện tử', '2018-12-18 11:26:17', '2018-12-18 11:26:17', 0),
(932, 33, 'Chi tiet Đồng hồ đo điện tử', '2018-12-18 11:26:17', '2018-12-18 11:26:17', 0),
(933, 33, 'Chi tiet Đồng hồ đo điện tử', '2018-12-18 11:26:17', '2018-12-18 11:26:17', 0),
(934, 33, 'Chi tiet Đồng hồ đo điện tử', '2018-12-18 11:26:17', '2018-12-18 11:26:17', 0),
(935, 33, 'Chi tiet Đồng hồ đo điện tử', '2018-12-18 11:26:18', '2018-12-18 11:26:18', 0),
(936, 33, 'Chi tiet Đồng hồ đo điện tử', '2018-12-18 11:26:18', '2018-12-18 11:26:18', 0),
(937, 33, 'Chi tiet Đồng hồ đo điện tử', '2018-12-18 11:26:18', '2018-12-18 11:26:18', 0),
(938, 33, 'Chi tiet Đồng hồ đo điện tử', '2018-12-18 11:26:18', '2018-12-18 11:26:18', 0),
(939, 33, 'Chi tiet Đồng hồ đo điện tử', '2018-12-18 11:26:18', '2018-12-18 11:26:18', 0),
(940, 33, 'Chi tiet Đồng hồ đo điện tử', '2018-12-18 11:26:18', '2018-12-18 11:26:18', 0),
(941, 34, 'Chi tiet Đèn lúp', '2018-12-18 11:26:18', '2018-12-25 08:51:50', 1),
(942, 34, 'Chi tiet Đèn lúp', '2018-12-18 11:26:18', '2018-12-25 10:33:05', 1),
(943, 34, 'Chi tiet Đèn lúp', '2018-12-18 11:26:19', '2018-12-25 10:34:26', 1),
(944, 34, 'Chi tiet Đèn lúp', '2018-12-18 11:26:19', '2018-12-31 00:54:01', 1),
(945, 34, 'Chi tiet Đèn lúp', '2018-12-18 11:26:19', '2018-12-18 11:26:19', 0),
(946, 34, 'Chi tiet Đèn lúp', '2018-12-18 11:26:19', '2018-12-18 11:26:19', 0),
(947, 34, 'Chi tiet Đèn lúp', '2018-12-18 11:26:19', '2018-12-18 11:26:19', 0),
(948, 34, 'Chi tiet Đèn lúp', '2018-12-18 11:26:19', '2018-12-18 11:26:19', 0),
(949, 34, 'Chi tiet Đèn lúp', '2018-12-18 11:26:19', '2018-12-18 11:26:19', 0),
(950, 34, 'Chi tiet Đèn lúp', '2018-12-18 11:26:19', '2018-12-18 11:26:19', 0),
(951, 34, 'Chi tiet Đèn lúp', '2018-12-18 11:26:19', '2018-12-18 11:26:19', 0),
(952, 34, 'Chi tiet Đèn lúp', '2018-12-18 11:26:19', '2018-12-18 11:26:19', 0),
(953, 34, 'Chi tiet Đèn lúp', '2018-12-18 11:26:19', '2018-12-18 11:26:19', 0),
(954, 34, 'Chi tiet Đèn lúp', '2018-12-18 11:26:20', '2018-12-18 11:26:20', 0),
(955, 34, 'Chi tiet Đèn lúp', '2018-12-18 11:26:20', '2018-12-18 11:26:20', 0),
(956, 34, 'Chi tiet Đèn lúp', '2018-12-18 11:26:20', '2018-12-18 11:26:20', 0),
(957, 34, 'Chi tiet Đèn lúp', '2018-12-18 11:26:20', '2018-12-18 11:26:20', 0),
(958, 34, 'Chi tiet Đèn lúp', '2018-12-18 11:26:20', '2018-12-18 11:26:20', 0),
(959, 34, 'Chi tiet Đèn lúp', '2018-12-18 11:26:20', '2018-12-18 11:26:20', 0),
(960, 34, 'Chi tiet Đèn lúp', '2018-12-18 11:26:20', '2018-12-18 11:26:20', 0),
(961, 34, 'Chi tiet Đèn lúp', '2018-12-18 11:26:20', '2018-12-18 11:26:20', 0),
(962, 34, 'Chi tiet Đèn lúp', '2018-12-18 11:26:20', '2018-12-18 11:26:20', 0),
(963, 34, 'Chi tiet Đèn lúp', '2018-12-18 11:26:20', '2018-12-18 11:26:20', 0),
(964, 34, 'Chi tiet Đèn lúp', '2018-12-18 11:26:20', '2018-12-18 11:26:20', 0),
(965, 34, 'Chi tiet Đèn lúp', '2018-12-18 11:26:20', '2018-12-18 11:26:20', 0),
(966, 34, 'Chi tiet Đèn lúp', '2018-12-18 11:26:20', '2018-12-18 11:26:20', 0),
(967, 34, 'Chi tiet Đèn lúp', '2018-12-18 11:26:20', '2018-12-18 11:26:20', 0),
(968, 34, 'Chi tiet Đèn lúp', '2018-12-18 11:26:21', '2018-12-18 11:26:21', 0),
(969, 34, 'Chi tiet Đèn lúp', '2018-12-18 11:26:21', '2018-12-18 11:26:21', 0),
(970, 34, 'Chi tiet Đèn lúp', '2018-12-18 11:26:21', '2018-12-18 11:26:21', 0),
(971, 34, 'Chi tiet Đèn lúp', '2018-12-18 11:26:21', '2018-12-18 11:26:21', 0),
(972, 34, 'Chi tiet Đèn lúp', '2018-12-18 11:26:21', '2018-12-18 11:26:21', 0),
(973, 34, 'Chi tiet Đèn lúp', '2018-12-18 11:26:21', '2018-12-18 11:26:21', 0),
(974, 34, 'Chi tiet Đèn lúp', '2018-12-18 11:26:21', '2018-12-18 11:26:21', 0),
(975, 34, 'Chi tiet Đèn lúp', '2018-12-18 11:26:21', '2018-12-18 11:26:21', 0),
(976, 34, 'Chi tiet Đèn lúp', '2018-12-18 11:26:21', '2018-12-18 11:26:21', 0),
(977, 34, 'Chi tiet Đèn lúp', '2018-12-18 11:26:21', '2018-12-18 11:26:21', 0),
(978, 34, 'Chi tiet Đèn lúp', '2018-12-18 11:26:21', '2018-12-18 11:26:21', 0),
(979, 34, 'Chi tiet Đèn lúp', '2018-12-18 11:26:21', '2018-12-18 11:26:21', 0),
(980, 34, 'Chi tiet Đèn lúp', '2018-12-18 11:26:21', '2018-12-18 11:26:21', 0),
(981, 34, 'Chi tiet Đèn lúp', '2018-12-18 11:26:21', '2018-12-18 11:26:21', 0),
(982, 34, 'Chi tiet Đèn lúp', '2018-12-18 11:26:22', '2018-12-18 11:26:22', 0),
(983, 34, 'Chi tiet Đèn lúp', '2018-12-18 11:26:22', '2018-12-18 11:26:22', 0),
(984, 34, 'Chi tiet Đèn lúp', '2018-12-18 11:26:22', '2018-12-18 11:26:22', 0),
(985, 34, 'Chi tiet Đèn lúp', '2018-12-18 11:26:22', '2018-12-18 11:26:22', 0),
(986, 34, 'Chi tiet Đèn lúp', '2018-12-18 11:26:22', '2018-12-18 11:26:22', 0),
(987, 34, 'Chi tiet Đèn lúp', '2018-12-18 11:26:22', '2018-12-18 11:26:22', 0),
(988, 34, 'Chi tiet Đèn lúp', '2018-12-18 11:26:22', '2018-12-18 11:26:22', 0),
(989, 34, 'Chi tiet Đèn lúp', '2018-12-18 11:26:22', '2018-12-18 11:26:22', 0),
(990, 34, 'Chi tiet Đèn lúp', '2018-12-18 11:26:22', '2018-12-18 11:26:22', 0),
(991, 34, 'Chi tiet Đèn lúp', '2018-12-18 11:26:22', '2018-12-18 11:26:22', 0),
(992, 34, 'Chi tiet Đèn lúp', '2018-12-18 11:26:22', '2018-12-18 11:26:22', 0),
(993, 34, 'Chi tiet Đèn lúp', '2018-12-18 11:26:22', '2018-12-18 11:26:22', 0),
(994, 34, 'Chi tiet Đèn lúp', '2018-12-18 11:26:22', '2018-12-18 11:26:22', 0),
(995, 34, 'Chi tiet Đèn lúp', '2018-12-18 11:26:23', '2018-12-18 11:26:23', 0),
(996, 34, 'Chi tiet Đèn lúp', '2018-12-18 11:26:23', '2018-12-18 11:26:23', 0),
(997, 34, 'Chi tiet Đèn lúp', '2018-12-18 11:26:23', '2018-12-18 11:26:23', 0),
(998, 34, 'Chi tiet Đèn lúp', '2018-12-18 11:26:23', '2018-12-30 09:44:48', 1),
(999, 34, 'Chi tiet Đèn lúp', '2018-12-18 11:26:23', '2018-12-18 11:26:23', 0),
(1000, 34, 'Chi tiet Đèn lúp', '2018-12-18 11:26:23', '2018-12-18 11:26:23', 0),
(1001, 34, 'Chi tiet Đèn lúp', '2018-12-18 11:26:23', '2018-12-18 11:26:23', 0),
(1002, 34, 'Chi tiet Đèn lúp', '2018-12-18 11:26:23', '2018-12-18 11:26:23', 0),
(1003, 34, 'Chi tiet Đèn lúp', '2018-12-18 11:26:23', '2018-12-18 11:26:23', 0),
(1004, 34, 'Chi tiet Đèn lúp', '2018-12-18 11:26:23', '2018-12-18 11:26:23', 0),
(1005, 34, 'Chi tiet Đèn lúp', '2018-12-18 11:26:23', '2018-12-18 11:26:23', 0),
(1006, 34, 'Chi tiet Đèn lúp', '2018-12-18 11:26:23', '2018-12-18 11:26:23', 0),
(1007, 34, 'Chi tiet Đèn lúp', '2018-12-18 11:26:23', '2018-12-18 11:26:23', 0),
(1008, 34, 'Chi tiet Đèn lúp', '2018-12-18 11:26:24', '2018-12-18 11:26:24', 0),
(1009, 34, 'Chi tiet Đèn lúp', '2018-12-18 11:26:24', '2018-12-18 11:26:24', 0),
(1010, 34, 'Chi tiet Đèn lúp', '2018-12-18 11:26:24', '2018-12-18 11:26:24', 0),
(1011, 34, 'Chi tiet Đèn lúp', '2018-12-18 11:26:24', '2018-12-18 11:26:24', 0),
(1012, 34, 'Chi tiet Đèn lúp', '2018-12-18 11:26:25', '2018-12-18 11:26:25', 0),
(1013, 34, 'Chi tiet Đèn lúp', '2018-12-18 11:26:25', '2018-12-18 11:26:25', 0),
(1014, 34, 'Chi tiet Đèn lúp', '2018-12-18 11:26:25', '2018-12-18 11:26:25', 0),
(1015, 34, 'Chi tiet Đèn lúp', '2018-12-18 11:26:25', '2018-12-18 11:26:25', 0),
(1016, 34, 'Chi tiet Đèn lúp', '2018-12-18 11:26:25', '2018-12-18 11:26:25', 0),
(1017, 34, 'Chi tiet Đèn lúp', '2018-12-18 11:26:25', '2018-12-18 11:26:25', 0),
(1018, 34, 'Chi tiet Đèn lúp', '2018-12-18 11:26:25', '2018-12-18 11:26:25', 0),
(1019, 34, 'Chi tiet Đèn lúp', '2018-12-18 11:26:25', '2018-12-18 11:26:25', 0),
(1020, 34, 'Chi tiet Đèn lúp', '2018-12-18 11:26:25', '2018-12-18 11:26:25', 0),
(1021, 34, 'Chi tiet Đèn lúp', '2018-12-18 11:26:25', '2018-12-18 11:26:25', 0),
(1022, 34, 'Chi tiet Đèn lúp', '2018-12-18 11:26:25', '2018-12-18 11:26:25', 0),
(1023, 34, 'Chi tiet Đèn lúp', '2018-12-18 11:26:26', '2018-12-18 11:26:26', 0),
(1024, 34, 'Chi tiet Đèn lúp', '2018-12-18 11:26:26', '2018-12-18 11:26:26', 0),
(1025, 34, 'Chi tiet Đèn lúp', '2018-12-18 11:26:27', '2018-12-18 11:26:27', 0),
(1026, 34, 'Chi tiet Đèn lúp', '2018-12-18 11:26:27', '2018-12-18 11:26:27', 0),
(1027, 34, 'Chi tiet Đèn lúp', '2018-12-18 11:26:27', '2018-12-18 11:26:27', 0),
(1028, 34, 'Chi tiet Đèn lúp', '2018-12-18 11:26:28', '2018-12-18 11:26:28', 0),
(1029, 34, 'Chi tiet Đèn lúp', '2018-12-18 11:26:28', '2018-12-18 11:26:28', 0),
(1030, 34, 'Chi tiet Đèn lúp', '2018-12-18 11:26:28', '2018-12-18 11:26:28', 0),
(1031, 34, 'Chi tiet Đèn lúp', '2018-12-18 11:26:29', '2018-12-18 11:26:29', 0),
(1032, 34, 'Chi tiet Đèn lúp', '2018-12-18 11:26:29', '2018-12-18 11:26:29', 0),
(1033, 34, 'Chi tiet Đèn lúp', '2018-12-18 11:26:29', '2018-12-18 11:26:29', 0),
(1034, 34, 'Chi tiet Đèn lúp', '2018-12-18 11:26:29', '2018-12-18 11:26:29', 0),
(1035, 34, 'Chi tiet Đèn lúp', '2018-12-18 11:26:29', '2018-12-18 11:26:29', 0),
(1036, 34, 'Chi tiet Đèn lúp', '2018-12-18 11:26:29', '2018-12-18 11:26:29', 0),
(1037, 34, 'Chi tiet Đèn lúp', '2018-12-18 11:26:29', '2018-12-18 11:26:29', 0),
(1038, 34, 'Chi tiet Đèn lúp', '2018-12-18 11:26:29', '2018-12-18 11:26:29', 0),
(1039, 34, 'Chi tiet Đèn lúp', '2018-12-18 11:26:29', '2018-12-18 11:26:29', 0),
(1040, 35, 'Chi tiet Đầu đọc thẻ đa năng', '2018-12-18 11:26:29', '2018-12-25 08:57:10', 1),
(1041, 35, 'Chi tiet Đầu đọc thẻ đa năng', '2018-12-18 11:26:29', '2018-12-25 10:23:07', 1),
(1042, 35, 'Chi tiet Đầu đọc thẻ đa năng', '2018-12-18 11:26:29', '2018-12-25 10:34:41', 1),
(1043, 35, 'Chi tiet Đầu đọc thẻ đa năng', '2018-12-18 11:26:29', '2018-12-18 11:26:29', 0),
(1044, 35, 'Chi tiet Đầu đọc thẻ đa năng', '2018-12-18 11:26:29', '2018-12-18 11:26:29', 0),
(1045, 35, 'Chi tiet Đầu đọc thẻ đa năng', '2018-12-18 11:26:29', '2018-12-18 11:26:29', 0),
(1046, 35, 'Chi tiet Đầu đọc thẻ đa năng', '2018-12-18 11:26:29', '2018-12-18 11:26:29', 0),
(1047, 35, 'Chi tiet Đầu đọc thẻ đa năng', '2018-12-18 11:26:30', '2018-12-18 11:26:30', 0),
(1048, 35, 'Chi tiet Đầu đọc thẻ đa năng', '2018-12-18 11:26:30', '2018-12-18 11:26:30', 0),
(1049, 35, 'Chi tiet Đầu đọc thẻ đa năng', '2018-12-18 11:26:30', '2018-12-18 11:26:30', 0),
(1050, 35, 'Chi tiet Đầu đọc thẻ đa năng', '2018-12-18 11:26:30', '2018-12-18 11:26:30', 0),
(1051, 35, 'Chi tiet Đầu đọc thẻ đa năng', '2018-12-18 11:26:30', '2018-12-18 11:26:30', 0),
(1052, 35, 'Chi tiet Đầu đọc thẻ đa năng', '2018-12-18 11:26:30', '2018-12-18 11:26:30', 0),
(1053, 35, 'Chi tiet Đầu đọc thẻ đa năng', '2018-12-18 11:26:30', '2018-12-18 11:26:30', 0),
(1054, 35, 'Chi tiet Đầu đọc thẻ đa năng', '2018-12-18 11:26:30', '2018-12-18 11:26:30', 0),
(1055, 35, 'Chi tiet Đầu đọc thẻ đa năng', '2018-12-18 11:26:30', '2018-12-18 11:26:30', 0),
(1056, 35, 'Chi tiet Đầu đọc thẻ đa năng', '2018-12-18 11:26:30', '2018-12-18 11:26:30', 0),
(1057, 35, 'Chi tiet Đầu đọc thẻ đa năng', '2018-12-18 11:26:30', '2018-12-18 11:26:30', 0),
(1058, 35, 'Chi tiet Đầu đọc thẻ đa năng', '2018-12-18 11:26:30', '2018-12-18 11:26:30', 0),
(1059, 35, 'Chi tiet Đầu đọc thẻ đa năng', '2018-12-18 11:26:31', '2018-12-18 11:26:31', 0),
(1060, 35, 'Chi tiet Đầu đọc thẻ đa năng', '2018-12-18 11:26:31', '2018-12-18 11:26:31', 0),
(1061, 35, 'Chi tiet Đầu đọc thẻ đa năng', '2018-12-18 11:26:31', '2018-12-18 11:26:31', 0),
(1062, 35, 'Chi tiet Đầu đọc thẻ đa năng', '2018-12-18 11:26:31', '2018-12-18 11:26:31', 0),
(1063, 35, 'Chi tiet Đầu đọc thẻ đa năng', '2018-12-18 11:26:31', '2018-12-18 11:26:31', 0),
(1064, 35, 'Chi tiet Đầu đọc thẻ đa năng', '2018-12-18 11:26:31', '2018-12-18 11:26:31', 0),
(1065, 35, 'Chi tiet Đầu đọc thẻ đa năng', '2018-12-18 11:26:31', '2018-12-18 11:26:31', 0),
(1066, 35, 'Chi tiet Đầu đọc thẻ đa năng', '2018-12-18 11:26:31', '2018-12-18 11:26:31', 0),
(1067, 35, 'Chi tiet Đầu đọc thẻ đa năng', '2018-12-18 11:26:31', '2018-12-18 11:26:31', 0),
(1068, 35, 'Chi tiet Đầu đọc thẻ đa năng', '2018-12-18 11:26:31', '2018-12-18 11:26:31', 0),
(1069, 35, 'Chi tiet Đầu đọc thẻ đa năng', '2018-12-18 11:26:31', '2018-12-18 11:26:31', 0),
(1070, 35, 'Chi tiet Đầu đọc thẻ đa năng', '2018-12-18 11:26:31', '2018-12-18 11:26:31', 0),
(1071, 35, 'Chi tiet Đầu đọc thẻ đa năng', '2018-12-18 11:26:31', '2018-12-18 11:26:31', 0),
(1072, 35, 'Chi tiet Đầu đọc thẻ đa năng', '2018-12-18 11:26:31', '2018-12-18 11:26:31', 0),
(1073, 35, 'Chi tiet Đầu đọc thẻ đa năng', '2018-12-18 11:26:31', '2018-12-18 11:26:31', 0),
(1074, 35, 'Chi tiet Đầu đọc thẻ đa năng', '2018-12-18 11:26:31', '2018-12-18 11:26:31', 0),
(1075, 35, 'Chi tiet Đầu đọc thẻ đa năng', '2018-12-18 11:26:32', '2018-12-18 11:26:32', 0),
(1076, 35, 'Chi tiet Đầu đọc thẻ đa năng', '2018-12-18 11:26:32', '2018-12-18 11:26:32', 0),
(1077, 35, 'Chi tiet Đầu đọc thẻ đa năng', '2018-12-18 11:26:32', '2018-12-18 11:26:32', 0),
(1078, 35, 'Chi tiet Đầu đọc thẻ đa năng', '2018-12-18 11:26:32', '2018-12-18 11:26:32', 0),
(1079, 35, 'Chi tiet Đầu đọc thẻ đa năng', '2018-12-18 11:26:32', '2018-12-18 11:26:32', 0),
(1080, 35, 'Chi tiet Đầu đọc thẻ đa năng', '2018-12-18 11:26:32', '2018-12-18 11:26:32', 0),
(1081, 35, 'Chi tiet Đầu đọc thẻ đa năng', '2018-12-18 11:26:32', '2018-12-18 11:26:32', 0),
(1082, 35, 'Chi tiet Đầu đọc thẻ đa năng', '2018-12-18 11:26:32', '2018-12-18 11:26:32', 0),
(1083, 35, 'Chi tiet Đầu đọc thẻ đa năng', '2018-12-18 11:26:32', '2018-12-18 11:26:32', 0),
(1084, 35, 'Chi tiet Đầu đọc thẻ đa năng', '2018-12-18 11:26:32', '2018-12-18 11:26:32', 0),
(1085, 35, 'Chi tiet Đầu đọc thẻ đa năng', '2018-12-18 11:26:32', '2018-12-18 11:26:32', 0),
(1086, 35, 'Chi tiet Đầu đọc thẻ đa năng', '2018-12-18 11:26:32', '2018-12-18 11:26:32', 0),
(1087, 35, 'Chi tiet Đầu đọc thẻ đa năng', '2018-12-18 11:26:33', '2018-12-18 11:26:33', 0),
(1088, 35, 'Chi tiet Đầu đọc thẻ đa năng', '2018-12-18 11:26:33', '2018-12-18 11:26:33', 0),
(1089, 35, 'Chi tiet Đầu đọc thẻ đa năng', '2018-12-18 11:26:33', '2018-12-18 11:26:33', 0),
(1090, 35, 'Chi tiet Đầu đọc thẻ đa năng', '2018-12-18 11:26:33', '2018-12-18 11:26:33', 0),
(1091, 35, 'Chi tiet Đầu đọc thẻ đa năng', '2018-12-18 11:26:33', '2018-12-18 11:26:33', 0),
(1092, 35, 'Chi tiet Đầu đọc thẻ đa năng', '2018-12-18 11:26:33', '2018-12-18 11:26:33', 0),
(1093, 35, 'Chi tiet Đầu đọc thẻ đa năng', '2018-12-18 11:26:33', '2018-12-18 11:26:33', 0),
(1094, 35, 'Chi tiet Đầu đọc thẻ đa năng', '2018-12-18 11:26:33', '2018-12-18 11:26:33', 0),
(1095, 35, 'Chi tiet Đầu đọc thẻ đa năng', '2018-12-18 11:26:33', '2018-12-18 11:26:33', 0),
(1096, 35, 'Chi tiet Đầu đọc thẻ đa năng', '2018-12-18 11:26:33', '2018-12-18 11:26:33', 0),
(1097, 35, 'Chi tiet Đầu đọc thẻ đa năng', '2018-12-18 11:26:33', '2018-12-18 11:26:33', 0),
(1098, 35, 'Chi tiet Đầu đọc thẻ đa năng', '2018-12-18 11:26:33', '2018-12-18 11:26:33', 0),
(1099, 35, 'Chi tiet Đầu đọc thẻ đa năng', '2018-12-18 11:26:33', '2018-12-18 11:26:33', 0),
(1100, 35, 'Chi tiet Đầu đọc thẻ đa năng', '2018-12-18 11:26:34', '2018-12-18 11:26:34', 0),
(1101, 35, 'Chi tiet Đầu đọc thẻ đa năng', '2018-12-18 11:26:34', '2018-12-18 11:26:34', 0),
(1102, 35, 'Chi tiet Đầu đọc thẻ đa năng', '2018-12-18 11:26:34', '2018-12-18 11:26:34', 0),
(1103, 35, 'Chi tiet Đầu đọc thẻ đa năng', '2018-12-18 11:26:34', '2018-12-18 11:26:34', 0),
(1104, 35, 'Chi tiet Đầu đọc thẻ đa năng', '2018-12-18 11:26:34', '2018-12-18 11:26:34', 0),
(1105, 35, 'Chi tiet Đầu đọc thẻ đa năng', '2018-12-18 11:26:34', '2018-12-18 11:26:34', 0),
(1106, 35, 'Chi tiet Đầu đọc thẻ đa năng', '2018-12-18 11:26:35', '2018-12-18 11:26:35', 0),
(1107, 35, 'Chi tiet Đầu đọc thẻ đa năng', '2018-12-18 11:26:35', '2018-12-18 11:26:35', 0),
(1108, 35, 'Chi tiet Đầu đọc thẻ đa năng', '2018-12-18 11:26:35', '2018-12-18 11:26:35', 0),
(1109, 35, 'Chi tiet Đầu đọc thẻ đa năng', '2018-12-18 11:26:35', '2018-12-18 11:26:35', 0),
(1110, 35, 'Chi tiet Đầu đọc thẻ đa năng', '2018-12-18 11:26:35', '2018-12-18 11:26:35', 0),
(1111, 35, 'Chi tiet Đầu đọc thẻ đa năng', '2018-12-18 11:26:35', '2018-12-18 11:26:35', 0),
(1112, 35, 'Chi tiet Đầu đọc thẻ đa năng', '2018-12-18 11:26:35', '2018-12-18 11:26:35', 0),
(1113, 35, 'Chi tiet Đầu đọc thẻ đa năng', '2018-12-18 11:26:35', '2018-12-18 11:26:35', 0),
(1114, 35, 'Chi tiet Đầu đọc thẻ đa năng', '2018-12-18 11:26:35', '2018-12-18 11:26:35', 0),
(1115, 35, 'Chi tiet Đầu đọc thẻ đa năng', '2018-12-18 11:26:35', '2018-12-18 11:26:35', 0),
(1116, 35, 'Chi tiet Đầu đọc thẻ đa năng', '2018-12-18 11:26:36', '2018-12-18 11:26:36', 0),
(1117, 35, 'Chi tiet Đầu đọc thẻ đa năng', '2018-12-18 11:26:36', '2018-12-18 11:26:36', 0),
(1118, 35, 'Chi tiet Đầu đọc thẻ đa năng', '2018-12-18 11:26:36', '2018-12-18 11:26:36', 0),
(1119, 35, 'Chi tiet Đầu đọc thẻ đa năng', '2018-12-18 11:26:36', '2018-12-18 11:26:36', 0),
(1120, 35, 'Chi tiet Đầu đọc thẻ đa năng', '2018-12-18 11:26:36', '2018-12-18 11:26:36', 0),
(1121, 35, 'Chi tiet Đầu đọc thẻ đa năng', '2018-12-18 11:26:36', '2018-12-18 11:26:36', 0),
(1122, 35, 'Chi tiet Đầu đọc thẻ đa năng', '2018-12-18 11:26:36', '2018-12-18 11:26:36', 0),
(1123, 35, 'Chi tiet Đầu đọc thẻ đa năng', '2018-12-18 11:26:36', '2018-12-18 11:26:36', 0),
(1124, 35, 'Chi tiet Đầu đọc thẻ đa năng', '2018-12-18 11:26:36', '2018-12-18 11:26:36', 0),
(1125, 35, 'Chi tiet Đầu đọc thẻ đa năng', '2018-12-18 11:26:36', '2018-12-18 11:26:36', 0),
(1126, 35, 'Chi tiet Đầu đọc thẻ đa năng', '2018-12-18 11:26:37', '2018-12-18 11:26:37', 0),
(1127, 35, 'Chi tiet Đầu đọc thẻ đa năng', '2018-12-18 11:26:37', '2018-12-18 11:26:37', 0),
(1128, 35, 'Chi tiet Đầu đọc thẻ đa năng', '2018-12-18 11:26:37', '2018-12-18 11:26:37', 0),
(1129, 35, 'Chi tiet Đầu đọc thẻ đa năng', '2018-12-18 11:26:37', '2018-12-18 11:26:37', 0),
(1130, 35, 'Chi tiet Đầu đọc thẻ đa năng', '2018-12-18 11:26:37', '2018-12-18 11:26:37', 0),
(1131, 35, 'Chi tiet Đầu đọc thẻ đa năng', '2018-12-18 11:26:37', '2018-12-18 11:26:37', 0),
(1132, 35, 'Chi tiet Đầu đọc thẻ đa năng', '2018-12-18 11:26:37', '2018-12-18 11:26:37', 0),
(1133, 35, 'Chi tiet Đầu đọc thẻ đa năng', '2018-12-18 11:26:37', '2018-12-18 11:26:37', 0),
(1134, 35, 'Chi tiet Đầu đọc thẻ đa năng', '2018-12-18 11:26:37', '2018-12-18 11:26:37', 0),
(1135, 35, 'Chi tiet Đầu đọc thẻ đa năng', '2018-12-18 11:26:37', '2018-12-18 11:26:37', 0),
(1136, 35, 'Chi tiet Đầu đọc thẻ đa năng', '2018-12-18 11:26:37', '2018-12-18 11:26:37', 0),
(1137, 35, 'Chi tiet Đầu đọc thẻ đa năng', '2018-12-18 11:26:37', '2018-12-18 11:26:37', 0),
(1138, 35, 'Chi tiet Đầu đọc thẻ đa năng', '2018-12-18 11:26:37', '2018-12-18 11:26:37', 0),
(1139, 36, 'Chi tiet Dao', '2018-12-18 11:26:38', '2018-12-25 08:57:29', 1),
(1140, 36, 'Chi tiet Dao', '2018-12-18 11:26:38', '2018-12-18 11:26:38', 0),
(1141, 36, 'Chi tiet Dao', '2018-12-18 11:26:38', '2018-12-18 11:26:38', 0),
(1142, 36, 'Chi tiet Dao', '2018-12-18 11:26:38', '2018-12-18 11:26:38', 0),
(1143, 36, 'Chi tiet Dao', '2018-12-18 11:26:38', '2018-12-18 11:26:38', 0),
(1144, 36, 'Chi tiet Dao', '2018-12-18 11:26:38', '2018-12-18 11:26:38', 0),
(1145, 36, 'Chi tiet Dao', '2018-12-18 11:26:38', '2018-12-18 11:26:38', 0),
(1146, 36, 'Chi tiet Dao', '2018-12-18 11:26:38', '2018-12-18 11:26:38', 0),
(1147, 36, 'Chi tiet Dao', '2018-12-18 11:26:38', '2018-12-18 11:26:38', 0),
(1148, 36, 'Chi tiet Dao', '2018-12-18 11:26:38', '2018-12-18 11:26:38', 0),
(1149, 36, 'Chi tiet Dao', '2018-12-18 11:26:38', '2018-12-18 11:26:38', 0),
(1150, 36, 'Chi tiet Dao', '2018-12-18 11:26:38', '2018-12-18 11:26:38', 0),
(1151, 36, 'Chi tiet Dao', '2018-12-18 11:26:38', '2018-12-18 11:26:38', 0),
(1152, 36, 'Chi tiet Dao', '2018-12-18 11:26:38', '2018-12-18 11:26:38', 0),
(1153, 36, 'Chi tiet Dao', '2018-12-18 11:26:38', '2018-12-18 11:26:38', 0),
(1154, 36, 'Chi tiet Dao', '2018-12-18 11:26:38', '2018-12-18 11:26:38', 0),
(1155, 36, 'Chi tiet Dao', '2018-12-18 11:26:38', '2018-12-18 11:26:38', 0),
(1156, 36, 'Chi tiet Dao', '2018-12-18 11:26:38', '2018-12-18 11:26:38', 0),
(1157, 36, 'Chi tiet Dao', '2018-12-18 11:26:38', '2018-12-18 11:26:38', 0),
(1158, 36, 'Chi tiet Dao', '2018-12-18 11:26:38', '2018-12-18 11:26:38', 0),
(1159, 36, 'Chi tiet Dao', '2018-12-18 11:26:38', '2018-12-18 11:26:38', 0),
(1160, 36, 'Chi tiet Dao', '2018-12-18 11:26:39', '2018-12-18 11:26:39', 0),
(1161, 36, 'Chi tiet Dao', '2018-12-18 11:26:39', '2018-12-18 11:26:39', 0),
(1162, 36, 'Chi tiet Dao', '2018-12-18 11:26:39', '2018-12-18 11:26:39', 0),
(1163, 36, 'Chi tiet Dao', '2018-12-18 11:26:39', '2018-12-18 11:26:39', 0),
(1164, 36, 'Chi tiet Dao', '2018-12-18 11:26:39', '2018-12-18 11:26:39', 0),
(1165, 36, 'Chi tiet Dao', '2018-12-18 11:26:39', '2018-12-18 11:26:39', 0),
(1166, 36, 'Chi tiet Dao', '2018-12-18 11:26:39', '2018-12-18 11:26:39', 0),
(1167, 36, 'Chi tiet Dao', '2018-12-18 11:26:39', '2018-12-18 11:26:39', 0),
(1168, 36, 'Chi tiet Dao', '2018-12-18 11:26:39', '2018-12-18 11:26:39', 0),
(1169, 36, 'Chi tiet Dao', '2018-12-18 11:26:39', '2018-12-18 11:26:39', 0),
(1170, 36, 'Chi tiet Dao', '2018-12-18 11:26:39', '2018-12-18 11:26:39', 0),
(1171, 36, 'Chi tiet Dao', '2018-12-18 11:26:39', '2018-12-18 11:26:39', 0),
(1172, 36, 'Chi tiet Dao', '2018-12-18 11:26:39', '2018-12-18 11:26:39', 0),
(1173, 36, 'Chi tiet Dao', '2018-12-18 11:26:40', '2018-12-18 11:26:40', 0),
(1174, 36, 'Chi tiet Dao', '2018-12-18 11:26:40', '2018-12-18 11:26:40', 0),
(1175, 36, 'Chi tiet Dao', '2018-12-18 11:26:40', '2018-12-18 11:26:40', 0),
(1176, 36, 'Chi tiet Dao', '2018-12-18 11:26:40', '2018-12-18 11:26:40', 0),
(1177, 36, 'Chi tiet Dao', '2018-12-18 11:26:40', '2018-12-18 11:26:40', 0),
(1178, 36, 'Chi tiet Dao', '2018-12-18 11:26:40', '2018-12-18 11:26:40', 0),
(1179, 36, 'Chi tiet Dao', '2018-12-18 11:26:40', '2018-12-18 11:26:40', 0),
(1180, 36, 'Chi tiet Dao', '2018-12-18 11:26:40', '2018-12-18 11:26:40', 0),
(1181, 36, 'Chi tiet Dao', '2018-12-18 11:26:40', '2018-12-18 11:26:40', 0),
(1182, 36, 'Chi tiet Dao', '2018-12-18 11:26:40', '2018-12-18 11:26:40', 0),
(1183, 36, 'Chi tiet Dao', '2018-12-18 11:26:40', '2018-12-18 11:26:40', 0),
(1184, 36, 'Chi tiet Dao', '2018-12-18 11:26:40', '2018-12-18 11:26:40', 0),
(1185, 36, 'Chi tiet Dao', '2018-12-18 11:26:40', '2018-12-18 11:26:40', 0),
(1186, 36, 'Chi tiet Dao', '2018-12-18 11:26:40', '2018-12-18 11:26:40', 0),
(1187, 36, 'Chi tiet Dao', '2018-12-18 11:26:40', '2018-12-18 11:26:40', 0),
(1188, 36, 'Chi tiet Dao', '2018-12-18 11:26:40', '2018-12-18 11:26:40', 0),
(1189, 36, 'Chi tiet Dao', '2018-12-18 11:26:40', '2018-12-18 11:26:40', 0),
(1190, 36, 'Chi tiet Dao', '2018-12-18 11:26:41', '2018-12-18 11:26:41', 0),
(1191, 36, 'Chi tiet Dao', '2018-12-18 11:26:41', '2018-12-18 11:26:41', 0),
(1192, 36, 'Chi tiet Dao', '2018-12-18 11:26:41', '2018-12-18 11:26:41', 0),
(1193, 36, 'Chi tiet Dao', '2018-12-18 11:26:41', '2018-12-18 11:26:41', 0),
(1194, 36, 'Chi tiet Dao', '2018-12-18 11:26:41', '2018-12-18 11:26:41', 0),
(1195, 36, 'Chi tiet Dao', '2018-12-18 11:26:41', '2018-12-18 11:26:41', 0),
(1196, 36, 'Chi tiet Dao', '2018-12-18 11:26:41', '2018-12-18 11:26:41', 0),
(1197, 36, 'Chi tiet Dao', '2018-12-18 11:26:41', '2018-12-18 11:26:41', 0),
(1198, 36, 'Chi tiet Dao', '2018-12-18 11:26:41', '2018-12-18 11:26:41', 0),
(1199, 36, 'Chi tiet Dao', '2018-12-18 11:26:41', '2018-12-18 11:26:41', 0),
(1200, 36, 'Chi tiet Dao', '2018-12-18 11:26:42', '2018-12-18 11:26:42', 0),
(1201, 36, 'Chi tiet Dao', '2018-12-18 11:26:42', '2018-12-18 11:26:42', 0),
(1202, 36, 'Chi tiet Dao', '2018-12-18 11:26:42', '2018-12-18 11:26:42', 0),
(1203, 36, 'Chi tiet Dao', '2018-12-18 11:26:42', '2018-12-18 11:26:42', 0),
(1204, 36, 'Chi tiet Dao', '2018-12-18 11:26:42', '2018-12-18 11:26:42', 0),
(1205, 36, 'Chi tiet Dao', '2018-12-18 11:26:42', '2018-12-18 11:26:42', 0),
(1206, 36, 'Chi tiet Dao', '2018-12-18 11:26:42', '2018-12-18 11:26:42', 0),
(1207, 36, 'Chi tiet Dao', '2018-12-18 11:26:42', '2018-12-18 11:26:42', 0),
(1208, 36, 'Chi tiet Dao', '2018-12-18 11:26:42', '2018-12-18 11:26:42', 0),
(1209, 36, 'Chi tiet Dao', '2018-12-18 11:26:42', '2018-12-18 11:26:42', 0),
(1210, 36, 'Chi tiet Dao', '2018-12-18 11:26:42', '2018-12-18 11:26:42', 0),
(1211, 36, 'Chi tiet Dao', '2018-12-18 11:26:42', '2018-12-18 11:26:42', 0),
(1212, 36, 'Chi tiet Dao', '2018-12-18 11:26:42', '2018-12-18 11:26:42', 0),
(1213, 36, 'Chi tiet Dao', '2018-12-18 11:26:42', '2018-12-18 11:26:42', 0),
(1214, 36, 'Chi tiet Dao', '2018-12-18 11:26:42', '2018-12-18 11:26:42', 0),
(1215, 36, 'Chi tiet Dao', '2018-12-18 11:26:42', '2018-12-18 11:26:42', 0),
(1216, 36, 'Chi tiet Dao', '2018-12-18 11:26:43', '2018-12-18 11:26:43', 0),
(1217, 36, 'Chi tiet Dao', '2018-12-18 11:26:43', '2018-12-18 11:26:43', 0),
(1218, 36, 'Chi tiet Dao', '2018-12-18 11:26:43', '2018-12-18 11:26:43', 0),
(1219, 36, 'Chi tiet Dao', '2018-12-18 11:26:43', '2018-12-18 11:26:43', 0),
(1220, 36, 'Chi tiet Dao', '2018-12-18 11:26:43', '2018-12-18 11:26:43', 0),
(1221, 36, 'Chi tiet Dao', '2018-12-18 11:26:43', '2018-12-18 11:26:43', 0),
(1222, 36, 'Chi tiet Dao', '2018-12-18 11:26:43', '2018-12-18 11:26:43', 0),
(1223, 36, 'Chi tiet Dao', '2018-12-18 11:26:43', '2018-12-18 11:26:43', 0),
(1224, 36, 'Chi tiet Dao', '2018-12-18 11:26:43', '2018-12-18 11:26:43', 0),
(1225, 36, 'Chi tiet Dao', '2018-12-18 11:26:43', '2018-12-18 11:26:43', 0),
(1226, 36, 'Chi tiet Dao', '2018-12-18 11:26:43', '2018-12-18 11:26:43', 0),
(1227, 36, 'Chi tiet Dao', '2018-12-18 11:26:43', '2018-12-18 11:26:43', 0),
(1228, 36, 'Chi tiet Dao', '2018-12-18 11:26:44', '2018-12-18 11:26:44', 0),
(1229, 36, 'Chi tiet Dao', '2018-12-18 11:26:44', '2018-12-18 11:26:44', 0);
INSERT INTO `item_detail` (`id`, `item_id`, `description`, `created_at`, `updated_at`, `owned`) VALUES
(1230, 36, 'Chi tiet Dao', '2018-12-18 11:26:44', '2018-12-18 11:26:44', 0),
(1231, 36, 'Chi tiet Dao', '2018-12-18 11:26:44', '2018-12-18 11:26:44', 0),
(1232, 36, 'Chi tiet Dao', '2018-12-18 11:26:44', '2018-12-18 11:26:44', 0),
(1233, 36, 'Chi tiet Dao', '2018-12-18 11:26:44', '2018-12-18 11:26:44', 0),
(1234, 36, 'Chi tiet Dao', '2018-12-18 11:26:45', '2018-12-18 11:26:45', 0),
(1235, 36, 'Chi tiet Dao', '2018-12-18 11:26:45', '2018-12-18 11:26:45', 0),
(1236, 36, 'Chi tiet Dao', '2018-12-18 11:26:45', '2018-12-18 11:26:45', 0),
(1237, 36, 'Chi tiet Dao', '2018-12-18 11:26:45', '2018-12-18 11:26:45', 0),
(1242, 38, 'Chi tiet Iphone XS', '2018-12-30 21:16:34', '2018-12-30 21:16:34', 0),
(1243, 38, 'Chi tiet Iphone XS', '2018-12-30 21:16:34', '2018-12-30 21:16:34', 0),
(1244, 38, 'Chi tiet Iphone XS', '2018-12-30 21:16:34', '2018-12-30 21:16:34', 0),
(1245, 38, 'Chi tiet Iphone XS', '2018-12-30 21:16:34', '2018-12-30 21:16:34', 0),
(1246, 38, 'Chi tiet Iphone XS', '2018-12-30 21:16:34', '2018-12-30 21:16:34', 0),
(1247, 38, 'Chi tiet Iphone XS', '2018-12-30 21:16:34', '2018-12-30 21:16:34', 0),
(1248, 38, 'Chi tiet Iphone XS', '2018-12-30 21:16:34', '2018-12-30 21:16:34', 0),
(1249, 38, 'Chi tiet Iphone XS', '2018-12-30 21:16:34', '2018-12-30 21:16:34', 0),
(1250, 38, 'Chi tiet Iphone XS', '2018-12-30 21:16:34', '2018-12-30 21:16:34', 0),
(1251, 40, 'Chi tiet Iphone X black', '2018-12-30 21:22:03', '2018-12-31 01:04:42', 1),
(1252, 40, 'Chi tiet Iphone X black', '2018-12-30 21:22:03', '2018-12-30 21:22:03', 0),
(1253, 40, 'Chi tiet Iphone X black', '2018-12-30 21:22:03', '2018-12-30 21:22:03', 0),
(1254, 40, 'Chi tiet Iphone X black', '2018-12-30 21:22:03', '2018-12-30 21:22:03', 0),
(1255, 40, 'Chi tiet Iphone X black', '2018-12-30 21:22:03', '2018-12-30 21:22:03', 0);

-- --------------------------------------------------------

--
-- Table structure for table `item_file`
--

CREATE TABLE `item_file` (
  `item_id` int(11) UNSIGNED NOT NULL,
  `file_id` int(10) UNSIGNED NOT NULL,
  `description` varchar(45) CHARACTER SET utf8 DEFAULT NULL COMMENT 'chứa link file',
  `created_at` timestamp NULL DEFAULT NULL,
  `updated_at` timestamp NULL DEFAULT NULL
) ENGINE=InnoDB DEFAULT CHARSET=latin1;

--
-- Dumping data for table `item_file`
--

INSERT INTO `item_file` (`item_id`, `file_id`, `description`, `created_at`, `updated_at`) VALUES
(21, 23, 'Sản phẩm', '2018-12-16 12:20:09', '2018-12-16 12:20:09'),
(23, 27, 'Sản phẩm', '2018-12-16 12:39:29', '2018-12-17 09:57:57'),
(24, 29, 'Dụng cụ', '2018-12-18 10:30:09', '2018-12-18 10:38:43'),
(25, 30, 'Dụng cụ', '2018-12-18 10:39:17', '2018-12-18 10:39:17'),
(26, 31, 'Dụng cụ', '2018-12-18 10:39:53', '2018-12-18 10:39:53'),
(27, 32, 'Dụng cụ', '2018-12-18 10:40:23', '2018-12-18 10:40:23'),
(28, 33, 'Dụng cụ', '2018-12-18 10:40:58', '2018-12-18 10:40:58'),
(29, 34, 'Dụng cụ', '2018-12-18 10:41:23', '2018-12-18 10:41:23'),
(30, 35, 'Dụng cụ', '2018-12-18 10:45:56', '2018-12-18 10:45:56'),
(31, 36, 'Dụng cụ', '2018-12-18 10:46:43', '2018-12-18 10:46:43'),
(32, 37, 'Dụng cụ', '2018-12-18 10:47:52', '2018-12-18 10:47:52'),
(33, 38, 'Dụng cụ', '2018-12-18 10:48:27', '2018-12-18 10:48:27'),
(34, 39, 'Dụng cụ', '2018-12-18 10:48:53', '2018-12-18 10:48:53'),
(35, 40, 'Dụng cụ', '2018-12-18 10:49:46', '2018-12-18 10:49:46'),
(36, 41, 'Dụng cụ', '2018-12-18 10:50:07', '2018-12-18 10:50:07'),
(38, 84, 'Sản phẩm', '2018-12-30 21:16:35', '2018-12-30 21:16:35'),
(40, 85, 'Sản phẩm', '2018-12-30 21:22:03', '2018-12-30 21:22:03');

-- --------------------------------------------------------

--
-- Table structure for table `item_owned`
--

CREATE TABLE `item_owned` (
  `item_id` int(11) UNSIGNED NOT NULL,
  `staff_id` int(11) NOT NULL,
  `department_id` int(11) NOT NULL,
  `position` varchar(45) DEFAULT NULL COMMENT 'quản lý vị trí trong các phòng của dụng cụ',
  `created_at` timestamp NULL DEFAULT NULL,
  `updated_at` timestamp NULL DEFAULT NULL
) ENGINE=InnoDB DEFAULT CHARSET=latin1;

--
-- Dumping data for table `item_owned`
--

INSERT INTO `item_owned` (`item_id`, `staff_id`, `department_id`, `position`, `created_at`, `updated_at`) VALUES
(1, 2, 1, 'A3', '2018-12-24 10:13:30', '2018-12-24 10:13:30'),
(2, 2, 1, 'A2', '2018-12-24 10:24:40', '2018-12-24 10:24:40'),
(3, 5, 1, 'A1', '2018-12-25 10:22:10', '2018-12-25 10:22:10'),
(4, 13, 1, 'A1', '2018-12-25 10:45:02', '2018-12-25 10:45:02'),
(101, 12, 1, 'B1', '2018-12-25 10:33:34', '2018-12-25 10:33:34'),
(102, 13, 1, 'A2', '2018-12-25 10:45:16', '2018-12-25 10:45:16'),
(199, 2, 1, 'A4', '2018-12-25 08:44:57', '2018-12-25 08:44:57'),
(200, 5, 1, 'A2', '2018-12-25 10:22:40', '2018-12-25 10:22:40'),
(201, 5, 1, 'B2', '2018-12-25 10:23:28', '2018-12-25 10:23:28'),
(202, 13, 1, 'A3', '2018-12-25 10:45:43', '2018-12-25 10:45:43'),
(203, 15, 2, 'T3', '2018-12-31 00:56:51', '2018-12-31 00:56:51'),
(298, 13, 1, 'A4', '2018-12-25 10:46:00', '2018-12-25 10:46:00'),
(347, 2, 1, 'A1', '2018-12-25 08:46:57', '2018-12-25 08:46:57'),
(348, 14, 1, 'B1', '2018-12-25 10:46:24', '2018-12-25 10:46:24'),
(446, 14, 1, 'B2', '2018-12-25 10:46:38', '2018-12-25 10:46:38'),
(545, 5, 1, 'C1', '2018-12-25 10:23:51', '2018-12-25 10:23:51'),
(644, 2, 1, 'B1', '2018-12-25 08:47:20', '2018-12-25 08:47:20'),
(645, 5, 1, 'C2', '2018-12-25 10:26:25', '2018-12-25 10:26:25'),
(646, 7, 1, 'A01', '2018-12-25 10:32:18', '2018-12-25 10:32:18'),
(842, 7, 1, 'A2', '2018-12-25 10:32:41', '2018-12-25 10:32:41'),
(843, 12, 1, 'A2', '2018-12-25 10:34:10', '2018-12-25 10:34:10'),
(941, 2, 1, 'B2', '2018-12-25 08:51:50', '2018-12-25 08:51:50'),
(942, 7, 1, 'B1', '2018-12-25 10:33:05', '2018-12-25 10:33:05'),
(943, 12, 1, 'B1', '2018-12-25 10:34:26', '2018-12-25 10:34:26'),
(944, 5, 2, 'T4', '2018-12-31 00:54:01', '2018-12-31 00:54:01'),
(1040, 2, 1, 'B3', '2018-12-25 08:57:10', '2018-12-25 08:57:10'),
(1041, 5, 1, 'B1', '2018-12-25 10:23:07', '2018-12-25 10:23:07'),
(1042, 12, 1, 'B2', '2018-12-25 10:34:41', '2018-12-25 10:34:41'),
(1139, 2, 1, 'C1', '2018-12-25 08:57:29', '2018-12-25 08:57:29');

-- --------------------------------------------------------

--
-- Table structure for table `item_ware`
--

CREATE TABLE `item_ware` (
  `item_id` int(11) UNSIGNED NOT NULL,
  `ware_id` int(11) NOT NULL,
  `description` varchar(45) DEFAULT NULL,
  `created_at` timestamp NULL DEFAULT NULL,
  `updated_at` timestamp NULL DEFAULT NULL
) ENGINE=InnoDB DEFAULT CHARSET=latin1;

-- --------------------------------------------------------

--
-- Table structure for table `migrations`
--

CREATE TABLE `migrations` (
  `id` int(10) UNSIGNED NOT NULL,
  `migration` varchar(255) COLLATE utf8mb4_unicode_ci NOT NULL,
  `batch` int(11) NOT NULL
) ENGINE=InnoDB DEFAULT CHARSET=utf8mb4 COLLATE=utf8mb4_unicode_ci;

--
-- Dumping data for table `migrations`
--

INSERT INTO `migrations` (`id`, `migration`, `batch`) VALUES
(1, '2014_10_12_000000_create_users_table', 1),
(2, '2014_10_12_100000_create_password_resets_table', 1),
(3, '2018_12_04_094317_demo_migration', 2),
(4, '2018_12_04_100204_demo_bang', 2),
(5, '2018_12_04_103355_themthoigian', 3);

-- --------------------------------------------------------

--
-- Table structure for table `password_resets`
--

CREATE TABLE `password_resets` (
  `email` varchar(255) COLLATE utf8mb4_unicode_ci NOT NULL,
  `token` varchar(255) COLLATE utf8mb4_unicode_ci NOT NULL,
  `created_at` timestamp NULL DEFAULT NULL
) ENGINE=InnoDB DEFAULT CHARSET=utf8mb4 COLLATE=utf8mb4_unicode_ci;

--
-- Dumping data for table `password_resets`
--

INSERT INTO `password_resets` (`email`, `token`, `created_at`) VALUES
('minhduc98kl@gmail.com', '$2y$10$.jeueMGR0aqy7rmmhTBL4eL0THsWWG0PR1H7FiM4XUwZqa7y6aZaa', '2018-12-31 01:10:35');

-- --------------------------------------------------------

--
-- Table structure for table `post_do`
--

CREATE TABLE `post_do` (
  `id` int(10) UNSIGNED NOT NULL,
  `item_id` int(11) NOT NULL,
  `localtion` varchar(45) DEFAULT NULL,
  `staff_id` int(11) DEFAULT NULL,
  `file_id` int(11) DEFAULT NULL,
  `description` varchar(200) CHARACTER SET utf8 DEFAULT 'Không đúng vị trí',
  `created_at` timestamp NULL DEFAULT NULL,
  `updated_at` timestamp NULL DEFAULT NULL,
  `deleted_at` timestamp NULL DEFAULT NULL
) ENGINE=InnoDB DEFAULT CHARSET=latin1;

--
-- Dumping data for table `post_do`
--

INSERT INTO `post_do` (`id`, `item_id`, `localtion`, `staff_id`, `file_id`, `description`, `created_at`, `updated_at`, `deleted_at`) VALUES
(1, 200, 'A3', 1, 55, 'vứt lung tung', '2018-12-26 02:31:56', '2018-12-28 09:40:51', '2018-12-28 09:40:51'),
(2, 202, 'A2', 2, 56, 'quá lung tung', '2018-12-28 06:26:51', '2018-12-28 06:26:51', NULL),
(4, 347, 'G1', 2, 79, 'vẫn là demo, đây chỉ là demo nên koong nên đọc đemo làm gì nhớ nhé', '2018-12-28 10:09:14', '2018-12-28 10:12:58', '2018-12-28 10:12:58'),
(5, 348, 'G1', 12, 82, 'hihihihihihi', '2018-12-28 10:14:05', '2018-12-28 10:14:36', '2018-12-28 10:14:36'),
(6, 1040, 'O7', 2, 87, 'Phòng bừa bãi', '2018-12-31 00:59:58', '2018-12-31 01:01:36', '2018-12-31 01:01:36'),
(7, 644, 'T9', 2, 89, 'chụp ảnh năm mới', '2019-01-03 02:03:48', '2019-01-03 09:48:09', '2019-01-03 09:48:09'),
(8, 998, 'Y6', 5, 91, 'năm mới', '2019-01-03 09:51:37', '2019-01-03 09:51:37', NULL),
(9, 645, 'T4', 5, 92, 'năm 2', '2019-01-03 09:55:20', '2019-01-03 10:01:12', '2019-01-03 10:01:12'),
(10, 843, 'Y9', 12, 94, 'demo năm mới 3', '2019-01-03 10:19:14', '2019-01-03 10:19:14', NULL);

-- --------------------------------------------------------

--
-- Table structure for table `post_done`
--

CREATE TABLE `post_done` (
  `id` int(10) UNSIGNED NOT NULL,
  `post_do_id` int(11) UNSIGNED NOT NULL,
  `staff_id` int(11) NOT NULL,
  `file_id` int(11) DEFAULT NULL,
  `description` varchar(100) CHARACTER SET utf8 DEFAULT 'Đã xong',
  `created_at` timestamp NULL DEFAULT NULL,
  `updated_at` timestamp NULL DEFAULT NULL,
  `deleted_at` timestamp NULL DEFAULT NULL
) ENGINE=InnoDB DEFAULT CHARSET=latin1;

--
-- Dumping data for table `post_done`
--

INSERT INTO `post_done` (`id`, `post_do_id`, `staff_id`, `file_id`, `description`, `created_at`, `updated_at`, `deleted_at`) VALUES
(1, 1, 1, 78, 'hoàn thành công việc đầu tiên', '2018-12-28 10:00:09', '2018-12-28 10:00:09', NULL),
(3, 4, 2, 81, 'mô tả hi hi', '2018-12-28 10:12:58', '2018-12-28 10:12:58', NULL),
(4, 5, 2, 83, 'hiohjkbkjbnkfutv', '2018-12-28 10:14:36', '2018-12-28 10:14:36', NULL),
(5, 6, 1, 88, 'Đã làm xong', '2018-12-31 01:01:36', '2018-12-31 01:01:36', NULL),
(7, 9, 3, 93, 'hoàn thành', '2019-01-03 10:01:12', '2019-01-03 10:01:12', NULL);

-- --------------------------------------------------------

--
-- Table structure for table `staff`
--

CREATE TABLE `staff` (
  `id` int(10) UNSIGNED NOT NULL,
  `name` varchar(45) CHARACTER SET utf8 NOT NULL DEFAULT 'No name',
  `birth` date DEFAULT NULL,
  `sex` tinyint(4) NOT NULL DEFAULT '1',
  `CMND` varchar(45) DEFAULT '164635635',
  `SDT` varchar(45) DEFAULT '0912345678',
  `Email` varchar(45) DEFAULT 'example@ducmail.com',
  `id_department` int(11) DEFAULT NULL,
  `file_id` int(11) DEFAULT '44',
  `position` int(11) DEFAULT '1' COMMENT '1-Nhân viên\n2-quản lý\n3-Phó phòng\n4-Trưởng phòng\n5-Phó giám đốc\n6-Giám đốc',
  `created_at` timestamp NULL DEFAULT NULL,
  `updated_at` timestamp NULL DEFAULT NULL
) ENGINE=InnoDB DEFAULT CHARSET=latin1;

--
-- Dumping data for table `staff`
--

INSERT INTO `staff` (`id`, `name`, `birth`, `sex`, `CMND`, `SDT`, `Email`, `id_department`, `file_id`, `position`, `created_at`, `updated_at`) VALUES
(1, 'To Ba Minh Duc', '1999-08-14', 1, '164635359', '01633798800', 'minhduc98@gmail.com', 1, 45, 6, '2018-12-11 05:13:55', '2018-12-20 04:33:01'),
(2, 'Nguyễn văn Tám', '1999-08-14', 1, '164635358', '01633798801', 'minhduc99@gmail.com', 1, 47, 2, '2018-12-11 05:17:19', '2018-12-24 08:39:46'),
(3, 'Nguyễn Chung', '2018-12-12', 1, '123456', '014646744', 'chunghihi@gmail.com', 1, 44, 3, '2018-12-11 21:16:40', '2018-12-11 21:16:40'),
(4, 'demo giao diện mới', '2018-12-17', 1, '12345678', '234567', 'chunghihi@gmail.com', 1, 44, 1, '2018-12-16 10:12:13', '2018-12-16 10:12:13'),
(6, 'To KU Da', '2018-12-17', 1, '1234567754', '0123456789', 'tung@gmail.com', 1, 44, 1, '2018-12-16 11:03:26', '2018-12-16 11:03:26'),
(7, 'Nguyễn duy tùng', '2018-12-20', 1, '123456', '01633798801', 'tung@gmail.com', 1, 44, 1, '2018-12-19 11:35:44', '2018-12-19 11:35:44'),
(8, 'Duy Tùng', '2018-12-20', 1, '1234567754', '01633798801', 'duytung@gmail.com', 1, 43, 1, '2018-12-19 11:38:30', '2018-12-19 11:38:30'),
(9, 'Nguyễn Văn Quyết', '1998-12-20', 1, '12345678', '0124875635', 'quyet@gmail.com', 1, 44, 3, '2018-12-20 01:40:50', '2018-12-20 01:40:50'),
(10, 'Phạm Uyên', '2018-05-24', 2, '12547856342', '01678942234', 'puyen@gmail.com', 1, 49, 5, '2018-12-24 08:47:46', '2018-12-25 09:59:43'),
(11, 'Ngọc nam', '2001-02-25', 1, '164653347', '00839847445', 'nam@gmail.com', NULL, 48, 4, '2018-12-25 09:09:14', '2018-12-25 09:09:14'),
(12, 'Tình Đinh', '1993-12-26', 1, '0131234564', '3534675868', NULL, 1, 50, 1, '2018-12-25 10:19:23', '2018-12-25 10:19:23'),
(13, 'Bích Hồng', '1986-11-26', 2, '1234567754', '01633798801', 'hong@gmail.com', 1, 51, 1, '2018-12-25 10:37:02', '2018-12-25 10:37:02'),
(14, 'Mỹ Duyên', '2001-12-16', 2, '123456781', '01633798803', 'my@gmail.com', 1, 52, 1, '2018-12-25 10:38:38', '2018-12-25 10:38:38'),
(15, 'Nguyễn  quang chung', '1998-01-14', 2, '137498321244', '0145645784', 'nguyenquangchung@gmail.com', 1, 86, 5, '2018-12-31 00:49:08', '2018-12-31 00:49:29');

-- --------------------------------------------------------

--
-- Table structure for table `users`
--

CREATE TABLE `users` (
  `id` int(10) UNSIGNED NOT NULL,
  `name` varchar(100) COLLATE utf8mb4_unicode_ci NOT NULL,
  `email` varchar(100) COLLATE utf8mb4_unicode_ci NOT NULL,
  `email_verified_at` timestamp NULL DEFAULT NULL,
  `password` varchar(100) COLLATE utf8mb4_unicode_ci NOT NULL,
  `remember_token` varchar(100) COLLATE utf8mb4_unicode_ci DEFAULT NULL,
  `created_at` timestamp NULL DEFAULT NULL,
  `updated_at` timestamp NULL DEFAULT NULL
) ENGINE=InnoDB DEFAULT CHARSET=utf8mb4 COLLATE=utf8mb4_unicode_ci;

--
-- Dumping data for table `users`
--

INSERT INTO `users` (`id`, `name`, `email`, `email_verified_at`, `password`, `remember_token`, `created_at`, `updated_at`) VALUES
(1, 'duc', 'minhduc98kl@gmail.com', NULL, '$2y$10$V1wJwc5LX698HBhA5ZsSa.gZHjov9bKuI65RKIeTH9BpdaLQOJnH2', '2qjVupXrl1giqUmKxJS5h2fmhghDLIcNkQ99ZaTCRIRjnh8pujG8TYjjQhGZ', '2018-12-09 10:10:44', '2018-12-09 10:10:44'),
(2, 'Duc', 'admin@gmail.com', NULL, '$2y$10$1DauYdzbZk01l0RzIo0LGOXLnFTH7/6hl7RVcx5htfcOOVUaGqzjG', 'gSgJFxKXeTiO41Bg4c3dZV4xnKdPEa9l9GTAUeakbMcl9gdakuU4HsEcN5lu', '2019-01-03 10:33:14', '2019-01-03 10:33:14');

-- --------------------------------------------------------

--
-- Table structure for table `warehouse`
--

CREATE TABLE `warehouse` (
  `id` int(11) UNSIGNED NOT NULL,
  `name` varchar(45) DEFAULT NULL,
  `location` varchar(45) DEFAULT NULL,
  `status` int(11) DEFAULT '0' COMMENT 'Trạng thái bao nhiêu %',
  `max` int(11) DEFAULT '100',
  `created_at` timestamp NULL DEFAULT NULL,
  `updated_at` timestamp NULL DEFAULT NULL
) ENGINE=InnoDB DEFAULT CHARSET=latin1;

--
-- Dumping data for table `warehouse`
--

INSERT INTO `warehouse` (`id`, `name`, `location`, `status`, `max`, `created_at`, `updated_at`) VALUES
(2, 'kho2', 'B1', 10, 200, '2018-12-12 10:21:44', '2018-12-16 12:15:17');

--
-- Indexes for dumped tables
--

--
-- Indexes for table `customer`
--
ALTER TABLE `customer`
  ADD PRIMARY KEY (`id`);

--
-- Indexes for table `deal`
--
ALTER TABLE `deal`
  ADD PRIMARY KEY (`id`);

--
-- Indexes for table `deal_detail`
--
ALTER TABLE `deal_detail`
  ADD PRIMARY KEY (`id`);

--
-- Indexes for table `department`
--
ALTER TABLE `department`
  ADD PRIMARY KEY (`id`);

--
-- Indexes for table `file`
--
ALTER TABLE `file`
  ADD PRIMARY KEY (`id`);

--
-- Indexes for table `item`
--
ALTER TABLE `item`
  ADD PRIMARY KEY (`id`);

--
-- Indexes for table `item_detail`
--
ALTER TABLE `item_detail`
  ADD PRIMARY KEY (`id`);

--
-- Indexes for table `item_file`
--
ALTER TABLE `item_file`
  ADD PRIMARY KEY (`item_id`);

--
-- Indexes for table `item_owned`
--
ALTER TABLE `item_owned`
  ADD PRIMARY KEY (`item_id`,`staff_id`);

--
-- Indexes for table `item_ware`
--
ALTER TABLE `item_ware`
  ADD PRIMARY KEY (`item_id`);

--
-- Indexes for table `migrations`
--
ALTER TABLE `migrations`
  ADD PRIMARY KEY (`id`);

--
-- Indexes for table `password_resets`
--
ALTER TABLE `password_resets`
  ADD KEY `password_resets_email_index` (`email`(191));

--
-- Indexes for table `post_do`
--
ALTER TABLE `post_do`
  ADD PRIMARY KEY (`id`);

--
-- Indexes for table `post_done`
--
ALTER TABLE `post_done`
  ADD PRIMARY KEY (`id`);

--
-- Indexes for table `staff`
--
ALTER TABLE `staff`
  ADD PRIMARY KEY (`id`);

--
-- Indexes for table `users`
--
ALTER TABLE `users`
  ADD PRIMARY KEY (`id`),
  ADD UNIQUE KEY `users_email_unique` (`email`);

--
-- Indexes for table `warehouse`
--
ALTER TABLE `warehouse`
  ADD PRIMARY KEY (`id`);

--
-- AUTO_INCREMENT for dumped tables
--

--
-- AUTO_INCREMENT for table `customer`
--
ALTER TABLE `customer`
  MODIFY `id` int(10) UNSIGNED NOT NULL AUTO_INCREMENT, AUTO_INCREMENT=4;

--
-- AUTO_INCREMENT for table `deal`
--
ALTER TABLE `deal`
  MODIFY `id` int(11) UNSIGNED NOT NULL AUTO_INCREMENT, AUTO_INCREMENT=5;

--
-- AUTO_INCREMENT for table `deal_detail`
--
ALTER TABLE `deal_detail`
  MODIFY `id` int(11) UNSIGNED NOT NULL AUTO_INCREMENT, AUTO_INCREMENT=6;

--
-- AUTO_INCREMENT for table `department`
--
ALTER TABLE `department`
  MODIFY `id` int(10) UNSIGNED NOT NULL AUTO_INCREMENT, AUTO_INCREMENT=3;

--
-- AUTO_INCREMENT for table `file`
--
ALTER TABLE `file`
  MODIFY `id` int(11) UNSIGNED NOT NULL AUTO_INCREMENT, AUTO_INCREMENT=95;

--
-- AUTO_INCREMENT for table `item`
--
ALTER TABLE `item`
  MODIFY `id` int(11) UNSIGNED NOT NULL AUTO_INCREMENT, AUTO_INCREMENT=41;

--
-- AUTO_INCREMENT for table `item_detail`
--
ALTER TABLE `item_detail`
  MODIFY `id` int(11) UNSIGNED NOT NULL AUTO_INCREMENT COMMENT 'chi tiêt sản phẩm', AUTO_INCREMENT=1256;

--
-- AUTO_INCREMENT for table `item_file`
--
ALTER TABLE `item_file`
  MODIFY `item_id` int(11) UNSIGNED NOT NULL AUTO_INCREMENT, AUTO_INCREMENT=41;

--
-- AUTO_INCREMENT for table `item_owned`
--
ALTER TABLE `item_owned`
  MODIFY `item_id` int(11) UNSIGNED NOT NULL AUTO_INCREMENT, AUTO_INCREMENT=1140;

--
-- AUTO_INCREMENT for table `item_ware`
--
ALTER TABLE `item_ware`
  MODIFY `item_id` int(11) UNSIGNED NOT NULL AUTO_INCREMENT;

--
-- AUTO_INCREMENT for table `migrations`
--
ALTER TABLE `migrations`
  MODIFY `id` int(10) UNSIGNED NOT NULL AUTO_INCREMENT, AUTO_INCREMENT=6;

--
-- AUTO_INCREMENT for table `post_do`
--
ALTER TABLE `post_do`
  MODIFY `id` int(10) UNSIGNED NOT NULL AUTO_INCREMENT, AUTO_INCREMENT=11;

--
-- AUTO_INCREMENT for table `post_done`
--
ALTER TABLE `post_done`
  MODIFY `id` int(10) UNSIGNED NOT NULL AUTO_INCREMENT, AUTO_INCREMENT=8;

--
-- AUTO_INCREMENT for table `staff`
--
ALTER TABLE `staff`
  MODIFY `id` int(10) UNSIGNED NOT NULL AUTO_INCREMENT, AUTO_INCREMENT=16;

--
-- AUTO_INCREMENT for table `users`
--
ALTER TABLE `users`
  MODIFY `id` int(10) UNSIGNED NOT NULL AUTO_INCREMENT, AUTO_INCREMENT=3;

--
-- AUTO_INCREMENT for table `warehouse`
--
ALTER TABLE `warehouse`
  MODIFY `id` int(11) UNSIGNED NOT NULL AUTO_INCREMENT, AUTO_INCREMENT=3;
COMMIT;

/*!40101 SET CHARACTER_SET_CLIENT=@OLD_CHARACTER_SET_CLIENT */;
/*!40101 SET CHARACTER_SET_RESULTS=@OLD_CHARACTER_SET_RESULTS */;
/*!40101 SET COLLATION_CONNECTION=@OLD_COLLATION_CONNECTION */;
